season,model,home_adv,sigma,tau,alpha
1970,massey,1.970740322266182,12.442787373704368,,
1970,bradley_terry,0.3671235700737133,,,
1970,bayesian_margin,1.9773692704632753,12.416127419873881,5.7573345872518855,4.650818414385358
1971,massey,2.4985617344828075,12.48664801428324,,
1971,bradley_terry,0.36778966044911615,,,
1971,bayesian_margin,2.4787541675097917,12.438397382344712,4.639797521732196,7.186721210965451
1972,massey,1.171697653296802,12.135514835120828,,
1972,bradley_terry,0.08934804724474392,,,
1972,bayesian_margin,1.1805831299193899,12.090504164718359,6.136662833723341,3.881720819498164
1973,massey,3.8858359528674935,12.50636965960815,,
1973,bradley_terry,0.6223844550956604,,,
1973,bayesian_margin,3.9307985319378846,12.465843713936028,6.4208300368570645,3.7693026297198977
1974,massey,2.343633858888844,11.097568702578872,,
1974,bradley_terry,0.26085609269764753,,,
1974,bayesian_margin,2.350909594282303,11.063990103412523,4.831338229394654,5.244313826185169
1975,massey,1.879772092544298,12.157675285853946,,
1975,bradley_terry,0.3166523721483854,,,
1975,bayesian_margin,1.886950079261885,12.115117941331144,6.178596886000634,3.8448160849736492
1976,massey,3.0326271517069605,11.253145349907182,,
1976,bradley_terry,0.426670499556961,,,
1976,bayesian_margin,3.0310425751715675,11.221443952863467,7.242384880850541,2.4006800744145753
1977,massey,2.9510007832296905,11.149923821591326,,
1977,bradley_terry,0.3746493592023072,,,
1977,bayesian_margin,2.985468573808052,11.125236383497388,5.1023743826518215,4.754160637503693
1978,massey,3.2158817075465485,11.95673827662952,,
1978,bradley_terry,0.46943171743749,,,
1978,bayesian_margin,3.258454414230143,11.917676756328378,3.355974306936286,12.610896147463238
1979,massey,4.224763961126729,12.343355704573868,,
1979,bradley_terry,0.533124456148577,,,
1979,bayesian_margin,4.248922152359867,12.353534548809698,3.892320127678884,10.07315146372251
1980,massey,1.7823766488219857,11.607854717900874,,
1980,bradley_terry,0.24712979048206207,,,
1980,bayesian_margin,1.8040632091417124,11.57257142292397,4.287356757820365,7.285854481261823
1981,massey,2.6035852653486686,12.639871144773746,,
1981,bradley_terry,0.5544843621290284,,,
1981,bayesian_margin,2.6261565804509215,12.599298713705899,4.193811621882446,9.025575583834556
1982,massey,1.9845946326796526,11.70511917761597,,
1982,bradley_terry,0.31341164794567516,,,
1982,bayesian_margin,1.9649066932124797,11.656067670343754,4.833287498775778,5.815925866038344
1983,massey,1.6718714326101833,12.660318927622663,,
1983,bradley_terry,0.2112755245499074,,,
1983,bayesian_margin,1.7587788779525488,12.638237940444153,4.151422353006171,9.267854698990465
1984,massey,2.191174505168587,12.191510858598305,,
1984,bradley_terry,0.4079213313954386,,,
1984,bayesian_margin,2.2140885680685622,12.158150113908636,5.668913904637325,4.599761139667668
1985,massey,4.283597053971675,12.114552929860697,,
1985,bradley_terry,0.7069746610451308,,,
1985,bayesian_margin,4.310941244727432,12.083883079920366,5.116572579318818,5.577694852421941
1986,massey,2.4345527899263795,12.660440959131945,,
1986,bradley_terry,0.25523922542496713,,,
1986,bayesian_margin,2.449937720942978,12.63620650159436,4.9759435795616005,6.448853844811786
1987,massey,1.743999206245526,12.980042588892951,,
1987,bradley_terry,0.2529222322527417,,,
1987,bayesian_margin,1.779475149192424,12.927611694006218,3.7915261182213422,11.625415758949478
1988,massey,2.6549360097034187,12.811288479475069,,
1988,bradley_terry,0.48499950285529964,,,
1988,bayesian_margin,2.667129102379959,12.766409785118618,3.122962135754708,16.711064822962552
1989,massey,3.1627357859245677,11.956673933655466,,
1989,bradley_terry,0.3861792475386425,,,
1989,bayesian_margin,3.195072755238612,11.920576442877907,4.609975424319624,6.68647605649214
1990,massey,3.669463397942276,12.377737876406977,,
1990,bradley_terry,0.529291737243065,,,
1990,bayesian_margin,3.687994163485565,12.339676983197688,4.721044576586841,6.831740795805582
1991,massey,3.1524034628059847,10.978172956999817,,
1991,bradley_terry,0.487501580434445,,,
1991,bayesian_margin,3.166534641204909,10.952906165413287,6.099052989546573,3.2250312029788253
1992,massey,2.781375707436787,13.119059208306384,,
1992,bradley_terry,0.5011577910447984,,,
1992,bayesian_margin,2.763946232767902,13.085844102089947,5.020518489460998,6.793699644557526
1993,massey,2.9166240449595264,12.18430253920231,,
1993,bradley_terry,0.3775195516906503,,,
1993,bayesian_margin,2.94455303294209,12.150211192999617,4.117525796815573,8.707530335792587
1994,massey,1.5781707363844084,11.600836118499243,,
1994,bradley_terry,0.3429194050401157,,,
1994,bayesian_margin,1.6183560901229164,11.563974397591494,4.10415129404158,7.939031384456072
1995,massey,2.06832310924289,11.574166401661577,,
1995,bradley_terry,0.44069081355722234,,,
1995,bayesian_margin,2.118774242629239,11.545445096399746,4.024189377124408,8.231226267420677
1996,massey,3.814942419034992,11.860346129732854,,
1996,bradley_terry,0.6416678352812505,,,
1996,bayesian_margin,3.8768345792423085,11.828373249988873,4.533837097764744,6.8064117417131795
1997,massey,2.6856972057678825,12.19321488287231,,
1997,bradley_terry,0.4947625341188727,,,
1997,bayesian_margin,2.6962431860136564,12.161137663293058,4.061315695436583,8.966333955643524
1998,massey,3.531337056156101,10.70601980523201,,
1998,bradley_terry,0.6650550450614863,,,
1998,bayesian_margin,3.5577189901757666,10.684461759656141,5.714658403107033,3.4956242818380185
1999,massey,2.980838815813475,11.331083469441591,,
1999,bradley_terry,0.5221130378012483,,,
1999,bayesian_margin,2.987077088359531,11.31435162670883,5.206832970851946,4.721848522100244
2000,massey,2.6854816965355686,11.654400633590944,,
2000,bradley_terry,0.3192835590483809,,,
2000,bayesian_margin,2.6875066181959064,11.624325735197282,5.260027841074987,4.883817836820468
2001,massey,2.0422300058291016,11.825780402122609,,
2001,bradley_terry,0.3054298578409994,,,
2001,bayesian_margin,2.063505754353978,11.789188027581192,4.324253182407407,7.432682154383792
2002,massey,2.329693707872596,11.991948813633662,,
2002,bradley_terry,0.40444069421626727,,,
2002,bayesian_margin,2.3575062950969854,11.965372925191554,4.689917224915011,6.509117664971133
2003,massey,3.413019291717358,12.37906637152114,,
2003,bradley_terry,0.5576653347772883,,,
2003,bayesian_margin,3.433875018699157,12.3424184157739,4.220981323599043,8.55014872817881
2004,massey,2.4525563832348274,11.832944865465391,,
2004,bradley_terry,0.35102989944008317,,,
2004,bayesian_margin,2.4754473901178455,11.815290396032301,5.574753481536103,4.491976396201473
2005,massey,3.2328058781834135,11.391978985088189,,
2005,bradley_terry,0.4575121871916751,,,
2005,bayesian_margin,3.226524553817993,11.369046607980993,5.4995676688645005,4.273571687761138
2006,massey,0.8097043582795617,12.194259068164456,,
2006,bradley_terry,0.146742257036073,,,
2006,bayesian_margin,0.8300307032984536,12.174016042178875,4.57757662484185,7.072883323430828
2007,massey,2.531946459966002,11.646242170658349,,
2007,bradley_terry,0.3625540351790376,,,
2007,bayesian_margin,2.5515754875872685,11.622231977599268,6.553332443465012,3.1452464413418557
2008,massey,2.21495032551185,12.398521809682736,,
2008,bradley_terry,0.3516314330921516,,,
2008,bayesian_margin,2.1978076029780276,12.371445676277038,5.29441989362555,5.460144567208917
2009,massey,2.163345143921064,12.711846570528015,,
2009,bradley_terry,0.35569405719493047,,,
2009,bayesian_margin,2.1772843901259713,12.685238349004896,5.840198101249339,4.717828027328105
2010,massey,1.6998061105763864,12.42709532307773,,
2010,bradley_terry,0.28353417383638985,,,
2010,bayesian_margin,1.6715005770117426,12.417319775862241,5.317629692928579,5.4527997539675885
2011,massey,3.0989993537484963,12.317005748259772,,
2011,bradley_terry,0.38713027646132814,,,
2011,bayesian_margin,3.136834824855128,12.283838678974785,4.720414504932657,6.771859457537949
2012,massey,2.1709212339549704,11.838068067712728,,
2012,bradley_terry,0.3458788802871956,,,
2012,bayesian_margin,2.188839638614277,11.815783938972894,5.754706091380277,4.215788220830183
2013,massey,2.999147027564778,11.195564066850523,,
2013,bradley_terry,0.5150617995451029,,,
2013,bayesian_margin,3.0096642753170832,11.175833371178607,5.615183754921534,3.961246695796817
2014,massey,2.2154416952298783,13.010352010929633,,
2014,bradley_terry,0.37560626042037143,,,
2014,bayesian_margin,2.2847861583200024,12.982350198871051,4.952120800469717,6.872649245940101
2015,massey,1.3608101386394222,11.618537390927164,,
2015,bradley_terry,0.20171784496924408,,,
2015,bayesian_margin,1.3262015366891868,11.609153459757204,5.480775000215436,4.486597986824502
2016,massey,2.7851454827471924,10.963013467527173,,
2016,bradley_terry,0.46554675040048626,,,
2016,bayesian_margin,2.8394803627071794,10.937969330087734,4.404553090694687,6.166939732713891
2017,massey,2.253297986393777,11.999238471515069,,
2017,bradley_terry,0.3570023075919149,,,
2017,bayesian_margin,2.32604174293109,11.972689779627467,4.908096319913513,5.950552695996555
2018,massey,1.9727249364535662,11.670600167148455,,
2018,bradley_terry,0.43133100374033895,,,
2018,bayesian_margin,2.0109010037429016,11.642579335566738,4.312575323561694,7.2882795969629495
2019,massey,0.0971266402295673,11.757334881904063,,
2019,bradley_terry,0.08502711637113684,,,
2019,bayesian_margin,0.12896473415520493,11.730924103363463,5.291622280850426,4.914584166799206
2020,massey,0.17639737033955993,11.505298398590144,,
2020,bradley_terry,0.020049674235019865,,,
2020,bayesian_margin,0.1909894759971934,11.475062534631098,4.921778495049366,5.435831589998011
2021,massey,1.391344349776999,12.571083168930823,,
2021,bradley_terry,0.08522850815856034,,,
2021,bayesian_margin,1.4201733374099161,12.542503308402418,4.888160984072513,6.583812405930647
2022,massey,2.0848289753194353,10.755146650753614,,
2022,bradley_terry,0.3424754385748243,,,
2022,bayesian_margin,2.0919905186714622,10.733211751619878,3.811628158230667,7.929363762480843
2023,massey,2.4735325210922494,12.065960852498131,,
2023,bradley_terry,0.33303530388116337,,,
2023,bayesian_margin,2.55927626604923,12.039505119066156,4.395165842566096,7.503549253043988
2024,massey,1.594734765723484,11.545130163414107,,
2024,bradley_terry,0.19953662212795412,,,
2024,bayesian_margin,1.635609104831564,11.521820135456196,5.247621733493476,4.820778066734626
2025,massey,2.1551014003759654,11.561285853056933,,
2025,bradley_terry,0.2194278506886578,,,
2025,bayesian_margin,2.12324462724698,11.542015127727211,5.385498382642729,4.593158992131037
