season,model,graph_connected,n,log_loss,margin_mae,accuracy
1970,bayesian_margin,False,26,0.7225468796247067,10.782046298386895,0.48
1970,bayesian_margin,True,150,0.6451645751377831,12.27390526578373,0.6338028169014085
1970,bradley_terry,False,26,0.6870526250421872,,0.44
1970,bradley_terry,True,150,0.6336511023024685,,0.6197183098591549
1970,elo,False,26,0.6429772505671637,10.035222934724745,0.72
1970,elo,True,150,0.6487488165812085,12.34958328556438,0.6056338028169014
1970,massey,False,26,4.623008338306818,14.252564102564111,0.4
1970,massey,True,150,0.675916197476913,12.777497473287879,0.6549295774647887
1971,bayesian_margin,False,26,0.7971804524112682,14.049015842525773,0.4166666666666667
1971,bayesian_margin,True,150,0.6403606847779034,11.150909469011484,0.6551724137931034
1971,bradley_terry,False,26,0.8454022305388226,,0.4583333333333333
1971,bradley_terry,True,150,0.6416078504633637,,0.6275862068965518
1971,elo,False,26,0.7537859624893593,13.495334678834807,0.3333333333333333
1971,elo,True,150,0.6496362296327299,11.549380465709959,0.6137931034482759
1971,massey,False,26,3.945849380362743,20.135837805605167,0.5416666666666666
1971,massey,True,150,0.6635443660861735,12.023352264086665,0.6482758620689655
1972,bayesian_margin,False,13,0.7026564403598866,10.478779300141923,0.4166666666666667
1972,bayesian_margin,True,163,0.6030756342929285,11.39677467577595,0.7044025157232704
1972,bradley_terry,False,13,0.7502729119558004,,0.4166666666666667
1972,bradley_terry,True,163,0.6010065653616068,,0.7169811320754716
1972,elo,False,13,0.7116944852576529,10.45001336715278,0.5
1972,elo,True,163,0.6514580588731741,12.282649009269209,0.5974842767295597
1972,massey,False,13,8.955510188815449,16.02564102564103,0.5
1972,massey,True,163,1.3514081417603985,14.091497242214656,0.6855345911949685
1973,bayesian_margin,False,26,0.6674150818017607,14.981830631719593,0.625
1973,bayesian_margin,True,150,0.5587776049199675,11.35274156444619,0.7655172413793103
1973,bradley_terry,False,26,0.6627615989261874,,0.625
1973,bradley_terry,True,150,0.5642798926486845,,0.7310344827586207
1973,elo,False,26,0.6661876017455953,14.763905904693615,0.625
1973,elo,True,150,0.6169900520054429,12.819823534705684,0.7241379310344828
1973,massey,False,26,4.465029103334642,20.007404951370365,0.5
1973,massey,True,150,0.5832454545872146,11.873492489116893,0.7448275862068966
1974,bayesian_margin,False,26,0.7326697879982744,10.280396116575623,0.52
1974,bayesian_margin,True,150,0.6330833081729234,10.006033683888194,0.6933333333333334
1974,bradley_terry,False,26,0.7360833218504806,,0.52
1974,bradley_terry,True,150,0.6462478538443643,,0.6466666666666666
1974,elo,False,26,0.7096218277066,9.775061071143917,0.48
1974,elo,True,150,0.6576426303723465,10.368034763194865,0.6466666666666666
1974,massey,False,26,5.475931592512323,27.236363636363055,0.52
1974,massey,True,150,0.6819186641995354,10.634029221864212,0.6666666666666666
1975,bayesian_margin,False,13,0.6454280250192177,11.678135376891548,0.6923076923076923
1975,bayesian_margin,True,163,0.572167146012945,11.05233105614987,0.7484662576687117
1975,bradley_terry,False,13,0.6342457240584878,,0.6153846153846154
1975,bradley_terry,True,163,0.587667190547598,,0.7116564417177914
1975,elo,False,13,0.7144705018299694,13.160729129310896,0.38461538461538464
1975,elo,True,163,0.6273343743979753,12.022058792905057,0.6809815950920245
1975,massey,False,13,5.0309606217207925,10.641025641025646,0.6153846153846154
1975,massey,True,163,1.1666576419831352,12.474994329830897,0.7116564417177914
1976,bayesian_margin,False,28,0.6999868463646112,12.39946353735258,0.5185185185185185
1976,bayesian_margin,True,161,0.5617309337662406,11.123136619729689,0.6894409937888198
1976,bradley_terry,False,28,0.6802295797707404,,0.5185185185185185
1976,bradley_terry,True,161,0.5611793223217819,,0.7080745341614907
1976,elo,False,28,0.6825890736543642,13.097990352187313,0.5185185185185185
1976,elo,True,161,0.6139506709403157,12.477400469618201,0.6894409937888198
1976,massey,False,28,3.270652432912791,17.253901560624232,0.5925925925925926
1976,massey,True,161,0.5972516921413593,12.263419774113078,0.6521739130434783
1977,bayesian_margin,False,28,0.5822530951200219,9.796389978984296,0.7142857142857143
1977,bayesian_margin,True,161,0.638040793298113,10.239552479510577,0.6521739130434783
1977,bradley_terry,False,28,0.6105734835024101,,0.7142857142857143
1977,bradley_terry,True,161,0.6268172563063689,,0.6211180124223602
1977,elo,False,28,0.6507125939831988,10.728624254730784,0.6428571428571429
1977,elo,True,161,0.6477467139340414,10.78873782293951,0.6273291925465838
1977,massey,False,28,2.589864023624638,10.729591836734736,0.7142857142857143
1977,massey,True,161,0.6710095388882774,10.614965671789708,0.639751552795031
1978,bayesian_margin,False,28,0.8076314994756837,11.30291114649169,0.5
1978,bayesian_margin,True,191,0.650722870165955,10.560810443013633,0.6421052631578947
1978,bradley_terry,False,28,0.7057374956655741,,0.5357142857142857
1978,bradley_terry,True,191,0.6492501716870895,,0.6421052631578947
1978,elo,False,28,0.7262646156570145,10.87828413267726,0.39285714285714285
1978,elo,True,191,0.6503642194540382,10.51267330893244,0.6
1978,massey,False,28,2.6642691384510337,14.59374999999979,0.5357142857142857
1978,massey,True,191,0.6580277216755288,11.513893620304541,0.631578947368421
1979,bayesian_margin,False,14,0.5969925167699727,9.79952268157467,0.6428571428571429
1979,bayesian_margin,True,191,0.6645743227444542,11.000882103437108,0.5916230366492147
1979,bradley_terry,False,14,0.6066703797385318,,0.7857142857142857
1979,bradley_terry,True,191,0.6584650533712669,,0.6335078534031413
1979,elo,False,14,0.6529678416667808,9.860909989117399,0.5714285714285714
1979,elo,True,191,0.6576008546953158,11.057591709860738,0.6178010471204188
1979,massey,False,14,0.6335943943696558,14.466857142857146,0.7857142857142857
1979,massey,True,191,0.72898790998513,12.074609887149704,0.6020942408376964
1980,bayesian_margin,False,14,0.706626766296891,12.181247220347444,0.42857142857142855
1980,bayesian_margin,True,191,0.6409779582256647,9.950197363573137,0.6210526315789474
1980,bradley_terry,False,14,0.6828494682081925,,0.5
1980,bradley_terry,True,191,0.6480716552396734,,0.5947368421052631
1980,elo,False,14,0.6657473255141669,11.491108279053945,0.5714285714285714
1980,elo,True,191,0.66104290013148,10.484493371111283,0.6263157894736842
1980,massey,False,14,2.3058953671908973,18.659523809523737,0.5
1980,massey,True,191,0.6728668560403027,11.144526875287774,0.6263157894736842
1981,bayesian_margin,True,191,0.6640395410108372,11.268671475432555,0.6263157894736842
1981,bradley_terry,True,191,0.6428859791267304,,0.6421052631578947
1981,elo,True,191,0.6443172424080448,11.020890053436277,0.6526315789473685
1981,massey,True,191,0.7184189502860113,12.277397184406821,0.5789473684210527
1982,bayesian_margin,False,42,0.7950011325534913,11.224103706637814,0.40476190476190477
1982,bayesian_margin,True,71,0.6345857144344085,11.086966733385172,0.6428571428571429
1982,bradley_terry,False,42,0.7904417716058474,,0.42857142857142855
1982,bradley_terry,True,71,0.6195929124035268,,0.6571428571428571
1982,elo,False,42,0.6723443800477289,9.540148896045256,0.5952380952380952
1982,elo,True,71,0.6393212543080934,11.371649035369318,0.6857142857142857
1982,massey,False,42,0.7320882486599413,16.47321428571387,0.5
1982,massey,True,71,0.6400280765092018,11.155047543584944,0.6428571428571429
1983,bayesian_margin,True,191,0.6679339649813926,11.888189055045851,0.5842105263157895
1983,bradley_terry,True,191,0.6796753185188406,,0.5631578947368421
1983,elo,True,191,0.6612781911450168,11.795149751429415,0.6052631578947368
1983,massey,True,191,0.6996964481801586,12.624507575785644,0.5789473684210527
1984,bayesian_margin,False,14,0.6397277856537168,8.583049594587562,0.5714285714285714
1984,bayesian_margin,True,191,0.6074326534584759,11.473980873062583,0.6421052631578947
1984,bradley_terry,False,14,0.6666781013894341,,0.6428571428571429
1984,bradley_terry,True,191,0.6084030554384589,,0.6631578947368421
1984,elo,False,14,0.6509448845488636,8.148990530903456,0.6428571428571429
1984,elo,True,191,0.6393270234425871,11.845688321020083,0.6368421052631579
1984,massey,False,14,2.937814954994484,81.97959183673757,0.2857142857142857
1984,massey,True,191,0.6280826083644943,12.021943007788344,0.6578947368421053
1985,bayesian_margin,True,191,0.5990277247544835,11.04944023084907,0.6858638743455497
1985,bradley_terry,True,191,0.5881515784166708,,0.675392670157068
1985,elo,True,191,0.6250958624425145,11.513995059892196,0.680628272251309
1985,massey,True,191,0.5981723756243181,11.456696008461915,0.6596858638743456
1986,bayesian_margin,True,191,0.6488225964840278,11.544122553498726,0.6243386243386243
1986,bradley_terry,True,191,0.6290188715485306,,0.6772486772486772
1986,elo,True,191,0.6519018964322228,11.3179397074218,0.6243386243386243
1986,massey,True,191,0.6793346540733676,12.463788725549707,0.6243386243386243
1987,bayesian_margin,False,14,0.6410611725520797,10.522628365232501,0.6923076923076923
1987,bayesian_margin,True,191,0.7033455618406563,11.85652753929322,0.5549738219895288
1987,bradley_terry,False,14,0.6869515054065338,,0.6923076923076923
1987,bradley_terry,True,191,0.719604570733702,,0.5497382198952879
1987,elo,False,14,0.6685586346038436,10.308621077996035,0.6923076923076923
1987,elo,True,191,0.6812930906343228,11.772417794219814,0.5497382198952879
1987,massey,False,14,5.8171345613972605,10.776785714285717,0.5384615384615384
1987,massey,True,191,1.2969344450056892,13.22774843740364,0.581151832460733
1988,bayesian_margin,False,28,0.7114751528771761,10.649806494670349,0.4642857142857143
1988,bayesian_margin,True,191,0.6657055978846942,11.049197357846362,0.6368421052631579
1988,bradley_terry,False,28,0.7518308620760967,,0.5
1988,bradley_terry,True,191,0.6513641063463443,,0.6105263157894737
1988,elo,False,28,0.7204859880321012,10.604680664315785,0.4642857142857143
1988,elo,True,191,0.6567607434460797,10.948984926518063,0.631578947368421
1988,massey,False,28,3.1799772059844593,39.21938775510642,0.42857142857142855
1988,massey,True,191,0.676737413969272,12.108961567769187,0.631578947368421
1989,bayesian_margin,False,28,0.6971885225968072,11.804712591289308,0.4642857142857143
1989,bayesian_margin,True,191,0.6447043628343162,10.540391451715111,0.6473684210526316
1989,bradley_terry,False,28,0.6984775849340009,,0.5357142857142857
1989,bradley_terry,True,191,0.6503930119095945,,0.631578947368421
1989,elo,False,28,0.683672151669041,11.981036209878866,0.5714285714285714
1989,elo,True,191,0.6542643834060917,10.618586958196062,0.6578947368421053
1989,massey,False,28,4.272669973680634,15.005219260601455,0.4642857142857143
1989,massey,True,191,0.6983347471736295,12.379932593841511,0.6421052631578947
1990,bayesian_margin,False,28,0.7681557842569166,12.583438278536155,0.6071428571428571
1990,bayesian_margin,True,193,0.6293193788314217,11.268111185489685,0.6113989637305699
1990,bradley_terry,False,28,0.7986585818033557,,0.6071428571428571
1990,bradley_terry,True,193,0.6184336244517233,,0.6580310880829016
1990,elo,False,28,0.6738399260534991,11.55614113379363,0.6071428571428571
1990,elo,True,193,0.64390466007733,11.60492030397527,0.6476683937823834
1990,massey,False,28,5.244267467951351,23.326190476190437,0.5
1990,massey,True,193,0.6449131811535882,11.933367723276973,0.616580310880829
1991,bayesian_margin,False,28,0.7126721350335838,10.300835209731238,0.5714285714285714
1991,bayesian_margin,True,193,0.5931157633839275,9.841981673898694,0.7098445595854922
1991,bradley_terry,False,28,0.7242290371987459,,0.6428571428571429
1991,bradley_terry,True,193,0.5980008972887995,,0.6787564766839378
1991,elo,False,28,0.6665712138819335,9.741179280526012,0.6071428571428571
1991,elo,True,193,0.6307780429044436,10.432304355210743,0.6476683937823834
1991,massey,False,28,4.673675269852131,12.938392857142942,0.5357142857142857
1991,massey,True,193,0.5960960227872987,10.44773223286537,0.7098445595854922
1992,bayesian_margin,False,26,0.6533730285369498,11.08370625908462,0.6923076923076923
1992,bayesian_margin,True,194,0.6459748206564139,12.263676212861796,0.6288659793814433
1992,bradley_terry,False,26,0.6493108097105788,,0.6538461538461539
1992,bradley_terry,True,194,0.627680970794849,,0.6288659793814433
1992,elo,False,28,0.665621186706922,11.820392398990899,0.6071428571428571
1992,elo,True,194,0.6371791228232396,11.981670411307665,0.6804123711340206
1992,massey,False,26,2.106720213291043,12.491437728937747,0.6923076923076923
1992,massey,True,194,0.682126608242094,13.189705918266371,0.634020618556701
1993,bayesian_margin,False,14,0.7922451746943528,11.245997658134044,0.42857142857142855
1993,bayesian_margin,True,207,0.6683808644164942,10.979865306909712,0.5942028985507246
1993,bradley_terry,False,14,0.7965398415647552,,0.42857142857142855
1993,bradley_terry,True,207,0.68484189857893,,0.5652173913043478
1993,elo,False,14,0.7156523548035095,10.104260889573409,0.42857142857142855
1993,elo,True,207,0.6743037683755678,11.084928876757544,0.5603864734299517
1993,massey,False,14,7.456450553810447,13.35714285714286,0.6428571428571429
1993,massey,True,207,1.2764803657224342,14.509068539011336,0.5893719806763285
1994,bayesian_margin,False,28,0.7222322454649243,12.727316932455441,0.39285714285714285
1994,bayesian_margin,True,193,0.6715474608089713,9.922721924557873,0.533678756476684
1994,bradley_terry,False,28,0.726931199733202,,0.42857142857142855
1994,bradley_terry,True,193,0.662350330373569,,0.6010362694300518
1994,elo,False,28,0.7093281606574385,12.14377541108719,0.4642857142857143
1994,elo,True,193,0.6542433494871499,9.657722870545784,0.6269430051813472
1994,massey,False,28,5.148642018529834,38.60822510824813,0.35714285714285715
1994,massey,True,193,0.6984143716223776,11.105193403428997,0.5803108808290155
1995,bayesian_margin,False,15,0.6832656953136608,11.167110883343678,0.6
1995,bayesian_margin,True,221,0.6701007822148002,10.248991998208448,0.5882352941176471
1995,bradley_terry,False,15,0.6727015866745814,,0.5333333333333333
1995,bradley_terry,True,221,0.6693570722258348,,0.6063348416289592
1995,elo,False,15,0.6724892683148768,10.94070142126389,0.6
1995,elo,True,221,0.6645000432774057,10.178046684718348,0.6018099547511312
1995,massey,False,15,7.2504171039630165,13.733333333333333,0.6
1995,massey,True,221,1.2405249034367398,13.109564308753473,0.5520361990950227
1996,bayesian_margin,False,28,0.550321786661684,12.302180845342734,0.6785714285714286
1996,bayesian_margin,True,208,0.6316174172786374,10.275948519052394,0.6394230769230769
1996,bradley_terry,False,28,0.6106321344784443,,0.6428571428571429
1996,bradley_terry,True,208,0.643213673949968,,0.6490384615384616
1996,elo,False,28,0.6381467481423176,14.027294863453124,0.6428571428571429
1996,elo,True,208,0.647142993838213,10.351361783022286,0.6298076923076923
1996,massey,False,28,1.6497241296578287,25.798319327733555,0.6785714285714286
1996,massey,True,208,0.6785387613352617,11.4342371017819,0.6201923076923077
1997,bayesian_margin,False,15,0.7815864908745387,10.3417936219758,0.4
1997,bayesian_margin,True,221,0.6501181146596737,10.479349904910114,0.6118721461187214
1997,bradley_terry,False,15,0.8645862865553355,,0.3333333333333333
1997,bradley_terry,True,221,0.6406857071739582,,0.6301369863013698
1997,elo,False,15,0.7408759967826756,9.316655081800922,0.4
1997,elo,True,221,0.6466516118532982,10.394911698757685,0.639269406392694
1997,massey,False,15,11.68018863031671,14.388235294117642,0.26666666666666666
1997,massey,True,221,1.1940897524333118,14.998416638829564,0.5799086757990868
1998,bayesian_margin,False,28,0.5708533033056173,11.37042061517994,0.7142857142857143
1998,bayesian_margin,True,208,0.5718748736747853,9.460148065559805,0.6826923076923077
1998,bradley_terry,False,28,0.5813152743857604,,0.75
1998,bradley_terry,True,208,0.5824410216170304,,0.6971153846153846
1998,elo,False,28,0.630286864037009,12.307572692129343,0.6785714285714286
1998,elo,True,208,0.622954174663657,10.18057468981571,0.6826923076923077
1998,massey,False,28,3.665615694500358,16.393697478991562,0.6428571428571429
1998,massey,True,208,0.5711655713730172,10.148905259228618,0.7067307692307693
1999,bayesian_margin,False,28,0.6715634996951472,10.792536599955822,0.6071428571428571
1999,bayesian_margin,True,215,0.6342073597093412,9.985300197391295,0.6744186046511628
1999,bradley_terry,False,28,0.6771594087775029,,0.5714285714285714
1999,bradley_terry,True,215,0.6272576754007524,,0.6465116279069767
1999,elo,False,29,0.6737931216667633,10.815233292908713,0.5862068965517241
1999,elo,True,215,0.6445518114343406,10.72575402497841,0.6186046511627907
1999,massey,False,28,4.563076453297735,17.491508798641338,0.6071428571428571
1999,massey,True,215,0.6621838786892837,10.631010050771316,0.6465116279069767
2000,bayesian_margin,False,28,0.7230898710104413,11.472016120803884,0.39285714285714285
2000,bayesian_margin,True,215,0.6217187893145164,11.02203508698897,0.5906976744186047
2000,bradley_terry,False,28,0.6727624441077996,,0.5
2000,bradley_terry,True,215,0.641283481667725,,0.6372093023255814
2000,elo,False,29,0.6715065287755604,10.637254666455313,0.5862068965517241
2000,elo,True,215,0.6542504758861954,11.678198403984839,0.5627906976744186
2000,massey,False,28,3.3561717134248186,16.996962500415194,0.5714285714285714
2000,massey,True,215,0.6412929779700971,11.77541964718069,0.6
2001,bayesian_margin,False,27,0.6916305323082831,14.044827560303126,0.6666666666666666
2001,bayesian_margin,True,216,0.6569424522552855,10.060143547557638,0.6203703703703703
2001,bradley_terry,False,27,0.7010816834888794,,0.5185185185185185
2001,bradley_terry,True,216,0.6471961308618454,,0.6296296296296297
2001,elo,False,28,0.6948109324343003,14.842155157800155,0.5357142857142857
2001,elo,True,216,0.6498510316576777,9.985556457988105,0.6296296296296297
2001,massey,False,27,8.294812500532677,17.052700386834506,0.4074074074074074
2001,massey,True,216,0.684688174877237,11.184722600182399,0.6388888888888888
2002,bayesian_margin,False,30,0.6114908752679977,11.779231226731698,0.7
2002,bayesian_margin,True,221,0.6595183166928095,10.495018654388018,0.6045454545454545
2002,bradley_terry,False,30,0.7292716634965599,,0.5666666666666667
2002,bradley_terry,True,221,0.6705291429538076,,0.6045454545454545
2002,elo,False,30,0.707433957796997,13.442822372880482,0.43333333333333335
2002,elo,True,221,0.6596994722940834,10.63634194098516,0.6272727272727273
2002,massey,False,30,3.653440480134894,25.4694444444448,0.6
2002,massey,True,221,0.687861194682075,11.352613762924742,0.6045454545454545
2003,bayesian_margin,False,30,0.7360155406678501,14.571093797878655,0.4666666666666667
2003,bayesian_margin,True,221,0.6322022623830489,10.416691634744144,0.665158371040724
2003,bradley_terry,False,30,0.7071527921794859,,0.5333333333333333
2003,bradley_terry,True,221,0.6216377966665914,,0.6606334841628959
2003,elo,False,30,0.6941746888605919,13.581728277409729,0.5
2003,elo,True,221,0.6368983130919338,10.512705043371147,0.665158371040724
2003,massey,False,30,5.515222842300346,21.90224586288404,0.43333333333333335
2003,massey,True,221,0.6662061486290544,11.796891274848921,0.6334841628959276
2004,bayesian_margin,False,16,0.7142200900127803,8.698955231647219,0.625
2004,bayesian_margin,True,235,0.6361778169205574,11.003509497988242,0.6425531914893617
2004,bradley_terry,False,16,0.7015520264519051,,0.5
2004,bradley_terry,True,235,0.6343975344528408,,0.6170212765957447
2004,elo,False,16,0.673946765590118,8.283771721623266,0.625
2004,elo,True,235,0.6554478548613636,11.20799293064182,0.6085106382978723
2004,massey,False,16,8.462619454472692,11.194444444444445,0.4375
2004,massey,True,235,0.9332661464871281,12.016772591968282,0.676595744680851
2005,bayesian_margin,False,16,0.6323393446086796,11.959369907428341,0.625
2005,bayesian_margin,True,235,0.6107177248883492,10.576096837220645,0.6808510638297872
2005,bradley_terry,False,16,0.6759982332759542,,0.625
2005,bradley_terry,True,235,0.6196382773237618,,0.6638297872340425
2005,elo,False,16,0.6720289493781025,13.03004344324653,0.625
2005,elo,True,235,0.6431436263720355,10.813799180732643,0.6638297872340425
2005,massey,False,16,4.164797691153943,11.1875,0.6875
2005,massey,True,235,0.9267202070450727,11.894138163280232,0.6723404255319149
2006,bayesian_margin,False,30,0.8368324915608619,13.137640805921722,0.4
2006,bayesian_margin,True,221,0.6620955980817516,11.112362047808471,0.5927601809954751
2006,bradley_terry,False,30,0.8606822083417034,,0.3333333333333333
2006,bradley_terry,True,221,0.670187295210244,,0.5746606334841629
2006,elo,False,30,0.6771220001769169,10.337225800117087,0.5333333333333333
2006,elo,True,221,0.6667181339807887,10.94314646924152,0.5656108597285068
2006,massey,False,30,4.515317997303568,14.606337194818128,0.5333333333333333
2006,massey,True,221,0.6984033414229691,12.109984797474182,0.5882352941176471
2007,bayesian_margin,False,32,0.6136126007829067,9.460432410393508,0.65625
2007,bayesian_margin,True,219,0.6097602977255474,10.986727860187788,0.6712328767123288
2007,bradley_terry,False,32,0.6419283951915233,,0.59375
2007,bradley_terry,True,219,0.6176250063150209,,0.639269406392694
2007,elo,False,32,0.6618860755455764,10.79641870642704,0.625
2007,elo,True,219,0.6469498464182086,11.60043402385593,0.6073059360730594
2007,massey,False,32,1.7750810076799708,20.099759615384023,0.5625
2007,massey,True,219,0.6262895014542459,11.538023057574865,0.6666666666666666
2008,bayesian_margin,False,15,0.6897312872725885,10.868708460185799,0.6
2008,bayesian_margin,True,236,0.6400786732739365,11.472479115010115,0.6468085106382979
2008,bradley_terry,False,15,0.7275461156033062,,0.4
2008,bradley_terry,True,236,0.6330711052922282,,0.6042553191489362
2008,elo,False,15,0.7118733119845524,10.716608742337959,0.4
2008,elo,True,236,0.6476722369347219,11.44479526711224,0.6510638297872341
2008,massey,False,15,5.201278817062903,12.614814814814816,0.6
2008,massey,True,236,1.0667905373540176,12.477378146040472,0.6297872340425532
2009,bayesian_margin,False,32,0.6300757893395788,10.268559293832471,0.5625
2009,bayesian_margin,True,219,0.6227654304219654,12.231210808816792,0.634703196347032
2009,bradley_terry,False,32,0.6404709002400504,,0.59375
2009,bradley_terry,True,219,0.6325009557355857,,0.6575342465753424
2009,elo,False,32,0.6836118107953479,11.302397049529596,0.5
2009,elo,True,219,0.6464580481933183,12.663468078719067,0.6529680365296804
2009,massey,False,32,3.429401055136811,14.069725975976512,0.625
2009,massey,True,219,0.6465371146593853,12.620538810919308,0.634703196347032
2010,bayesian_margin,False,32,0.8502031715918188,13.19721487373188,0.5
2010,bayesian_margin,True,219,0.660470860944048,11.250127505575842,0.6027397260273972
2010,bradley_terry,False,32,0.8435198577419749,,0.5
2010,bradley_terry,True,219,0.6537151857424192,,0.6164383561643836
2010,elo,False,32,0.7033108887780017,12.158166832481003,0.5
2010,elo,True,219,0.6655538828009055,11.30128422306597,0.6073059360730594
2010,massey,False,32,4.778074924541775,19.820141825229033,0.46875
2010,massey,True,219,0.6836764001694614,11.984918646257814,0.593607305936073
2011,bayesian_margin,False,32,0.6241674842156621,10.196930775716169,0.59375
2011,bayesian_margin,True,219,0.6196351396598183,10.898979532195753,0.6621004566210046
2011,bradley_terry,False,32,0.6309732627171029,,0.6875
2011,bradley_terry,True,219,0.6361905084929207,,0.634703196347032
2011,elo,False,32,0.6566305803526127,8.956270218505527,0.65625
2011,elo,True,219,0.6509138195955217,11.56519092630265,0.593607305936073
2011,massey,False,32,4.348733137895477,17.9473384609868,0.65625
2011,massey,True,219,0.6427075743187515,11.826424233572261,0.6438356164383562
2012,bayesian_margin,False,32,0.7576784163258802,11.454216821761946,0.625
2012,bayesian_margin,True,219,0.6143620768727748,11.061930732466639,0.6376146788990825
2012,bradley_terry,False,32,0.7476198230472981,,0.53125
2012,bradley_terry,True,219,0.6274258632156182,,0.6330275229357798
2012,elo,False,32,0.6584683001370761,9.964827065296838,0.6875
2012,elo,True,219,0.6544269597968715,11.652147229914503,0.6330275229357798
2012,massey,False,32,7.188203012760144,17.936516608391653,0.34375
2012,massey,True,219,0.6021771261629575,11.900644178909372,0.6467889908256881
2013,bayesian_margin,False,32,0.5926232743109212,9.834053679616794,0.625
2013,bayesian_margin,True,219,0.6155801190497541,10.314046583633724,0.6376146788990825
2013,bradley_terry,False,32,0.5857858510352087,,0.71875
2013,bradley_terry,True,219,0.6350177216906981,,0.6284403669724771
2013,elo,False,32,0.6247832416832905,10.648430250354968,0.71875
2013,elo,True,219,0.6478716413119421,10.84178828362867,0.6513761467889908
2013,massey,False,32,3.2561915275562496,10.378303581394064,0.625
2013,massey,True,219,0.6684632890732924,11.14210692917771,0.6376146788990825
2014,bayesian_margin,False,32,0.7194487086242923,13.390004463223764,0.59375
2014,bayesian_margin,True,219,0.6326512878227373,11.69803591119127,0.6146788990825688
2014,bradley_terry,False,32,0.7278246182228303,,0.53125
2014,bradley_terry,True,219,0.6210645668745157,,0.6238532110091743
2014,elo,False,32,0.6938402890773516,13.065714890260537,0.5625
2014,elo,True,219,0.6448526259099656,11.89879807558839,0.6100917431192661
2014,massey,False,32,6.051098223028602,27.044814560439477,0.4375
2014,massey,True,219,0.6173816214499227,12.190562094096311,0.6559633027522935
2015,bayesian_margin,False,32,0.7144728251946477,12.55443939026361,0.40625
2015,bayesian_margin,True,219,0.656528001456732,10.20213478779401,0.6210045662100456
2015,bradley_terry,False,32,0.6873486207765411,,0.59375
2015,bradley_terry,True,219,0.6557630680808332,,0.6073059360730594
2015,elo,False,32,0.6855812415465016,12.091893530687674,0.53125
2015,elo,True,219,0.6662836655706745,10.342121640751733,0.593607305936073
2015,massey,False,32,6.431184521725268,22.454741379310306,0.5625
2015,massey,True,219,0.6897830951751419,11.164453273761369,0.5981735159817352
2016,bayesian_margin,False,16,0.6685724707971643,9.640049832457027,0.625
2016,bayesian_margin,True,235,0.632515554874747,9.739050583019889,0.6437768240343348
2016,bradley_terry,False,16,0.7114540730622427,,0.5
2016,bradley_terry,True,235,0.6275896022625268,,0.6266094420600858
2016,elo,False,16,0.6706852037987001,9.658728278376735,0.625
2016,elo,True,235,0.6433540369833516,9.92990737161152,0.6394849785407726
2016,massey,False,16,6.00653700319706,11.000000000000002,0.6875
2016,massey,True,235,1.393793150598704,13.375723659703123,0.6051502145922747
2017,bayesian_margin,False,14,0.7075855675640091,12.562467162740157,0.2857142857142857
2017,bayesian_margin,True,236,0.6323524247475619,10.453408036190174,0.652542372881356
2017,bradley_terry,False,14,0.7063228831069411,,0.42857142857142855
2017,bradley_terry,True,236,0.6320801899690072,,0.6186440677966102
2017,elo,False,16,0.6798998917913299,11.958771721623267,0.5625
2017,elo,True,236,0.6477668986587473,10.808885154496297,0.6228813559322034
2017,massey,False,14,6.718720429928695,13.758403361344543,0.5714285714285714
2017,massey,True,236,1.1097927550837043,12.128664047442914,0.673728813559322
2018,bayesian_margin,False,16,0.7488451827582806,9.068643897527732,0.26666666666666666
2018,bayesian_margin,True,235,0.6474289706756694,10.322953039608471,0.6127659574468085
2018,bradley_terry,False,16,0.7029361436509445,,0.4
2018,bradley_terry,True,235,0.6476318032408844,,0.6212765957446809
2018,elo,False,16,0.6419161933974585,7.530043443246531,0.7333333333333333
2018,elo,True,235,0.6538066695019017,10.439302785772808,0.6297872340425532
2018,massey,False,16,9.300366718309673,10.958333333333332,0.3333333333333333
2018,massey,True,235,1.3503157700097654,12.507820672282318,0.6
2019,bayesian_margin,False,16,0.6650311545076414,10.637063385003529,0.5625
2019,bayesian_margin,True,235,0.6500150938316228,10.548920912502453,0.6382978723404256
2019,bradley_terry,False,16,0.6756232166652207,,0.5625
2019,bradley_terry,True,235,0.651907007666428,,0.6127659574468085
2019,elo,False,16,0.7232021585836526,11.556271721623267,0.375
2019,elo,True,235,0.6641992006924078,11.001101812818124,0.6
2019,massey,False,16,6.783970077910537,11.9375,0.5625
2019,massey,True,235,1.3614509425737313,12.77739055797614,0.6127659574468085
2020,bayesian_margin,False,32,0.7261150240222927,10.28894914488906,0.6129032258064516
2020,bayesian_margin,True,221,0.6310032777131731,10.286258188331397,0.6787330316742082
2020,bradley_terry,False,32,0.6617684121537246,,0.7096774193548387
2020,bradley_terry,True,221,0.6281863218346044,,0.6289592760180995
2020,elo,False,32,0.6688736030009613,10.001950285758582,0.5483870967741935
2020,elo,True,221,0.662136705728418,10.731926779899293,0.583710407239819
2020,massey,False,32,1.1744002060530923,11.571614583333332,0.6451612903225806
2020,massey,True,221,0.6509403195183147,10.83396425634525,0.6606334841628959
2021,bayesian_margin,False,32,0.7097176930686632,11.397153962733503,0.53125
2021,bayesian_margin,True,237,0.6724500075413679,11.405376174884385,0.5889830508474576
2021,bradley_terry,False,32,0.6854209347650826,,0.5
2021,bradley_terry,True,237,0.6766561506646692,,0.5805084745762712
2021,elo,False,32,0.6962899632818038,11.191011034683346,0.5
2021,elo,True,237,0.6810157927248444,11.882665445564674,0.5211864406779662
2021,massey,False,32,4.9830024236566945,27.260806595365608,0.5
2021,massey,True,237,0.7061077997489178,11.849211412296984,0.5550847457627118
2022,bayesian_margin,False,32,0.8100939994012311,10.439693825789899,0.375
2022,bayesian_margin,True,236,0.6382230149788216,9.260634841540915,0.6340425531914894
2022,bradley_terry,False,32,0.8102824644054792,,0.375
2022,bradley_terry,True,236,0.6307251125591422,,0.6297872340425532
2022,elo,False,32,0.6939230822332952,9.006571080010144,0.59375
2022,elo,True,236,0.646810502151518,9.25457306869227,0.6297872340425532
2022,massey,False,32,6.787974648975094,13.673177083333297,0.34375
2022,massey,True,236,0.6960209744710065,10.442898040483657,0.6297872340425532
2023,bayesian_margin,False,32,0.6927855369160281,11.559714055376585,0.5
2023,bayesian_margin,True,237,0.6515245922074296,10.488856057973056,0.620253164556962
2023,bradley_terry,False,32,0.7315695016264936,,0.53125
2023,bradley_terry,True,237,0.6661778082775919,,0.6075949367088608
2023,elo,False,32,0.7085667030580117,11.676078341822004,0.5
2023,elo,True,237,0.665300677020142,10.683800175713506,0.5907172995780591
2023,massey,False,32,3.6549967245431016,15.911410550458715,0.53125
2023,massey,True,237,0.6735682503851637,11.307318956766371,0.6118143459915611
2024,bayesian_margin,False,16,0.7475242558646107,10.664614128185484,0.4375
2024,bayesian_margin,True,253,0.6377725143734781,10.651381314268829,0.6600790513833992
2024,bradley_terry,False,16,0.8478682961878541,,0.375
2024,bradley_terry,True,253,0.6155453996384292,,0.6719367588932806
2024,elo,False,16,0.7314462479421564,10.101864139188368,0.375
2024,elo,True,253,0.6441647556062474,10.708626434208504,0.6126482213438735
2024,massey,False,16,6.505045398223939,10.812500000000004,0.5625
2024,massey,True,253,1.2586123895995232,12.413882034603365,0.6640316205533597
2025,bayesian_margin,False,32,0.7255900613442758,12.912966185720993,0.53125
2025,bayesian_margin,True,237,0.6442033129941187,10.392353928389463,0.6313559322033898
2025,bradley_terry,False,32,0.6899498351940052,,0.53125
2025,bradley_terry,True,237,0.6407354595616592,,0.6398305084745762
2025,elo,False,32,0.6634922631935205,11.598901366167713,0.59375
2025,elo,True,237,0.6536274644833141,10.551709395693532,0.6016949152542372
2025,massey,False,32,2.525516965320965,17.579174729101883,0.53125
2025,massey,True,237,0.6548331447545921,10.754835954015652,0.6228813559322034
