name,resolved
Aaron Glenn,yes
Aaron Kromer,yes
Adam Gase,yes
Andy Reid,yes
Anthony Lynn,yes
Antonio Pierce,yes
Ben Johnson,yes
Ben McAdoo,yes
Bill Belichick,yes
Bill Callahan,yes
Bill O'Brien,yes
Brandon Staley,yes
Brian Callahan,yes
Brian Daboll,yes
Brian Flores,yes
Brian Schottenheimer,yes
Bruce Arians,yes
Chan Gailey,yes
Chip Kelly,yes
Chris Tabor,yes
Chuck Pagano,yes
Dan Campbell,yes
Dan Quinn,yes
Darrell Bevell,yes
Darren Rizzi,yes
Dave Canales,yes
David Culley,yes
DeMeco Ryans,yes
Dennis Allen,yes
Dirk Koetter,yes
Doug Marrone,yes
Doug Pederson,yes
Frank Reich,yes
Freddie Kitchens,yes
Gary Kubiak,yes
Giff Smith,yes
Greg Schiano,yes
Gregg Williams,yes
Gus Bradley,yes
Hue Jackson,yes
Jack Del Rio,yes
Jason Garrett,yes
Jay Gruden,yes
Jeff Fisher,yes
Jeff Saturday,yes
Jeff Ulbrich,yes
Jerod Mayo,yes
Jerry Rosburg,yes
Jim Caldwell,yes
Jim Harbaugh,yes
Jim Schwartz,yes
Jim Tomsula,yes
Joe DeCamillis,yes
Joe Judge,yes
Joe Philbin,yes
Joe Vitt,yes
John Fassel,yes
John Fox,yes
John Harbaugh,yes
Jon Gruden,yes
Jonathan Gannon,yes
Josh McDaniels,yes
Kellen Moore,yes
Ken Whisenhunt,yes
Kevin O'Connell,yes
Kevin Stefanski,yes
Kliff Kingsbury,yes
Kyle Shanahan,yes
Leslie Frazier,yes
Liam Coen,yes
Lovie Smith,yes
Marc Trestman,yes
Marvin Lewis,yes
Matt Eberflus,yes
Matt LaFleur,yes
Matt Nagy,yes
Matt Patricia,yes
Matt Rhule,yes
Mel Tucker,yes
Mike Kafka,yes
Mike Macdonald,yes
Mike McCarthy,yes
Mike McCoy,yes
Mike McDaniel,yes
Mike Mularkey,yes
Mike Munchak,yes
Mike Pettine,yes
Mike Priefer,yes
Mike Shanahan,yes
Mike Smith,yes
Mike Tomlin,yes
Mike Vrabel,yes
Mike Zimmer,yes
Nathaniel Hackett,yes
Nick Sirianni,yes
Norv Turner,yes
Pat Shurmur,yes
Perry Fewell,yes
Pete Carroll,yes
Raheem Morris,yes
Rex Ryan,yes
Rich Bisaccia,yes
Rob Chudzinski,yes
Robert Prince,yes
Robert Saleh,yes
Romeo Crennel,yes
Ron Rivera,yes
Sean McDermott,yes
Sean McVay,yes
Sean Payton,yes
Shane Steichen,yes
Steve Spagnuolo,yes
Steve Wilks,yes
Thomas Brown,yes
Todd Bowles,yes
Todd Haley,yes
Tom Coughlin,yes
Tony Sparano,yes
Urban Meyer,yes
Vance Joseph,yes
Vic Fangio,yes
Wade Phillips,yes
Zac Taylor,yes
Greg Roman,yes
Pete Carmichael Jr.,yes
Dean Pees,yes
Greg Olson,yes
Lou Anarumo,yes
Rod Marinelli,yes
Teryl Austin,yes
Dom Capers,yes
Dowell Loggains,yes
Greg Manusky,yes
Jim Bob Cooter,yes
Joe Lombardi,yes
Joe Woods,yes
Keith Butler,yes
Ken Norton Jr.,yes
Mike Shula,yes
Patrick Graham,yes
Scott Linehan,yes
Todd Monken,yes
Bob Sutton,yes
Dick LeBeau,yes
Don Martindale,yes
Eric Bieniemy,yes
George Edwards,yes
Marty Mornhinweg,yes
Paul Guenther,yes
Rick Dennison,yes
Alex Van Pelt,yes
Bill Lazor,yes
Bill Musgrave,yes
Harold Goodwin,yes
James Bettcher,yes
Joe Barry,yes
Joe Brady,yes
John Pagano,yes
Matt Burke,yes
Mike LaFleur,yes
Ray Horton,yes
Rob Ryan,yes
Tim Kelly,yes
Todd Wash,yes
Adam Stenavich,yes
Alan Williams,yes
Byron Leftwich,yes
Dennis Thurman,yes
Ed Donatell,yes
Ejiro Evero,yes
Frank Smith,yes
Jim Haslett,yes
Kris Richard,yes
Mike Nolan,yes
Mike Sullivan,yes
Scott Turner,yes
Shane Bowen,yes
Shane Waldron,yes
Wes Phillips,yes
Anthony Weaver,yes
Bob Babich,yes
Dave Ragone,yes
Drew Petzing,yes
Edgar Bennett,yes
Eric Washington,yes
Gunther Cunningham,yes
Jason Tarver,yes
Jim O'Neil,yes
Josh Boyer,yes
Kacy Rodgers,yes
Ken Dorsey,yes
Kevin Coyle,yes
Klint Kubiak,yes
Luke Getsy,yes
Marquand Manuel,yes
Matt Canada,yes
Nick Rallis,yes
Pep Hamilton,yes
Press Taylor,yes
Randy Fichtner,yes
Ryan Nielsen,yes
Todd Downing,yes
Tom Clements,yes
Aden Durde,yes
Al Holcomb,yes
Bill Sheridan,yes
Billy Davis,yes
Bobby Babich,yes
Bobby Slowik,yes
Brad Childress,yes
Brad Idzik,yes
Cam Cameron,yes
Chris Shula,yes
Clint Hurtt,yes
Clyde Christensen,yes
Curtis Modkins,yes
Dan Pitcher,yes
Dennard Wilson,yes
Dick Jauron,yes
George Godsey,yes
Jason Michael,yes
Jedd Fisch,yes
Jeff Hafley,yes
Jerry Gray,yes
Jesse Minter,yes
Joe Whitt Jr.,yes
John DeFilippo,yes
John Morton,yes
Ken Zampese,yes
Kevin Gilbride,yes
Mark Helfrich,yes
Matt Cavanaugh,yes
Mick Lombardi,yes
Mike Groh,yes
Mike Sherman,yes
Nick Holz,yes
Paul Pasqualoni,yes
Phil Snow,yes
Renaldo Hill,yes
Richard Smith,yes
Rob Boras,yes
Sean Desai,yes
Steve Sarkisian,yes
Ted Monachino,yes
Terry Robiskie,yes
Zac Robinson,yes
Zach Orr,yes
Al Golden,yes
Anthony Campanile,yes
Bill Muir,yes
Bo Hardegree,yes
Bob Bratkowski,yes
Brian Johnson,yes
Brian VanGorder,yes
Chad O'Shea,yes
Charlie Bullen,yes
Chris Beatty,yes
Chris Palmer,yes
Cory Undlin,yes
Dave Wannstedt,yes
DeMarcus Covington,yes
Declan Doyle,yes
Derrick Ansley,yes
Doug Nussmeier,yes
Eddie Faulkner,yes
Eric Mangini,yes
Frank Bush,yes
Geep Chryst,yes
Grant Udinski,yes
Greg Knapp,yes
Jeff Nixon,yes
Jeff Tedford,yes
Jeremy Bates,yes
Jimmy Lake,yes
Joe Cullen,yes
Josh Grizzard,yes
Juan Castillo,yes
Justin Outten,yes
Kelvin Sheppard,yes
Kevin Patullo,yes
Klay Kubiak,yes
Klayton Adams,yes
Marcus Brady,yes
Mark Duffner,yes
Mike Miller,yes
Mike Tice,yes
Monte Kiffin,yes
Nick Caley,yes
Nick Sorensen,yes
Parks Frazier,yes
Rich Scangarello,yes
Ryan Grubb,yes
Scott Milanovich,yes
Tanner Engstrand,yes
Terrell Williams,yes
Tim Walton,yes
Tommy Rees,yes
Arthur Smith,no
Sean Payton†,no
Mike Caldwell,no
Bill Davis,no
Blake Williams,no
Chris Harris,no
Gregg Williams†,no
Hal Hunter,no
"Pete Carmichael, Jr.",no
Al Saunders,yes
Alex Wood,yes
Andre Patterson,yes
Bob Sanders,yes
Bob Slowik,yes
Bobby Jackson,yes
Bobby Petrino,yes
Bruce Coslet,yes
Charlie Frye,yes
Charlie Weis,yes
Chuck Bresnahan,yes
Clancy Pendergast,yes
Clarence Shelmon,yes
Dan Henning,yes
Dante Scarnecchia,yes
Dave Campo,yes
Don Breaux,yes
Donnie Henderson,yes
Eric Yarber,yes
Ernie Zampese,yes
Foge Fazio,yes
Frank Pollack,yes
George Sefcik,yes
Gil Haskell,yes
Greg Robinson,yes
Jack Reilly,yes
Jason Licht,yes
Jeff Davidson,yes
Jeff Jagodzinski,yes
Jerry Sullivan,yes
Jim Bates,yes
Jim Colletto,yes
Jim Fassel,yes
Jimmy Raye II,yes
John Hufnagel,yes
John Marshall,yes
John Pease,yes
John Shoop,yes
Jon Hoke,yes
Jon Kitna,yes
Keith Rowen,yes
Lane Kiffin,yes
Mark Brunell,yes
Maurice Carthon,yes
Mike Heimerdinger,yes
Mike Holmgren,yes
Mike Kruczek,yes
Mike London,yes
Mike Martz,yes
Mike Solari,yes
Pete Carmichael,yes
Pete Mangurian,yes
Ray Rhodes,yes
Ron Turner,yes
Sylvester Croom,yes
Takeo Spikes,yes
Tom Cable,yes
Tom Walsh,yes
Art Shell,yes
Bill Cowher,yes
Bill Parcells,yes
Bobby Ross,yes
Brian Stewart,yes
Jimmy Raye,no
Kurt Warner,no
Mark Dominik,no
Notre Dame,no
Rob Gronkowski,no
Texas A&M,no
Tom Moore,no
West Coast Offense,no
Butch Davis,yes
Carl Smith,yes
Chris Foerster,yes
Dan Reeves,yes
Dave McGinnis,yes
Dennis Erickson,yes
Dennis Green,yes
Dick Vermeil,yes
Don Blackmon,yes
Fritz Shurmur,yes
Gary Moeller,yes
George Seifert,yes
Greg Blache,yes
Herm Edwards,yes
Jim Hostler,yes
Jim L. Mora,yes
Jim Mora,yes
Jim Zorn,yes
Jimmy Johnson,yes
Joe Gibbs,yes
John Bunting,yes
Kurt Schottenheimer,yes
Larry Coyer,yes
Larry Marmie,yes
Larry Peccatiello,yes
Les Steckel,yes
Marty Schottenheimer,yes
Mike Trgovac,yes
Nick Saban,yes
Norm Chow,yes
Peter Giunta,yes
Rich Brooks,yes
Richard Williamson,yes
Ron Meeks,yes
Sherman Lewis,yes
Sherman Smith,yes
Steve Mariucci,yes
Steve Sidwell,yes
Steve Spurrier,yes
Ted Cottrell,yes
Ted Tollner,yes
Tim Lewis,yes
Tom Rossley,yes
Tony Dungy,yes
Vince Tobin,yes
Al Groh,yes
Brian Billick,yes
Dale Lindsey,yes
Danny Abramowicz,yes
Emmitt Thomas,yes
Eric Studesville,yes
Gary Crowton,yes
Gary Gibbs,yes
George O'Leary,yes
Greg Mattison,yes
Jim Johnson,yes
Joe Pascale,yes
Joe Pendry,yes
Mike Ditka,yes
Mike Sheppard,yes
Mike Singletary,yes
Paul Hackett,yes
Ray Sherman,yes
Rick Neuheisel,yes
Rick Venturi,yes
Rod Dowhower,yes
Ron Zook,yes
Steve Fairchild,yes
Steve Loney,yes
Terry Shea,yes
Troy Calhoun,yes
Turk Schonert,yes
Willie Shaw,yes
Zaven Yaralian,yes
Johnnie Lynn,no
Ken Anderson,no
Rich Olson,no
Herman Edwards,no
Mike Riley,no
Jay Rosburg,no
