franchise,unit,seasons,proposed_playcaller,title_holders_those_seasons,basis,confidence,brian_agrees (Y/N),brian_note
ARI,offense,2013-2017,Bruce Arians,Harold Goodwin,model_knowledge_unverified,medium,,
ARI,offense,2019-2022,Kliff Kingsbury,(none listed),model_knowledge_unverified,medium,,
ATL,defense,2015-2019,Dan Quinn,(none listed) ; Marquand Manuel ; Richard Smith,model_knowledge_unverified,low,,
ATL,offense,2021-2023,Arthur Smith,Dave Ragone,model_knowledge_unverified,medium,,
BUF,defense,2023,Sean McDermott,(none listed),model_knowledge_unverified,medium,,
CAR,defense,2018,Ron Rivera | Eric Washington,Eric Washington,evidence_wikipedia,medium,,
CAR,offense,2024-2025,Dave Canales,Brad Idzik,model_knowledge_unverified,medium,,
CHI,defense,2022-2023,Matt Eberflus,Alan Williams,model_knowledge_unverified,low,,
CHI,offense,2018-2019,Matt Nagy,Mark Helfrich,model_knowledge_unverified,medium,,
CHI,offense,2020,Matt Nagy | Bill Lazor,Bill Lazor,evidence_wikipedia,medium,,
CHI,offense,2025,Ben Johnson,Declan Doyle,model_knowledge_unverified,medium,,
CIN,offense,2019-2025,Zac Taylor,Brian Callahan ; Dan Pitcher,model_knowledge_unverified,medium,,
CLE,defense,2018,Gregg Williams | Blake Williams,Blake Williams,evidence_wikipedia,medium,,
CLE,offense,2021-2023,Kevin Stefanski,Alex Van Pelt,model_knowledge_unverified,medium,,
CLE,offense,2024,Kevin Stefanski | Ken Dorsey,Ken Dorsey,evidence_wikipedia,medium,,
DAL,offense,2023-2024,Mike McCarthy,Brian Schottenheimer,model_knowledge_unverified,medium,,
DAL,offense,2025,Brian Schottenheimer,Klayton Adams,model_knowledge_unverified,low,,
DEN,defense,2019-2021,Vic Fangio,Ed Donatell,model_knowledge_unverified,medium,,
DEN,offense,2023-2025,Sean Payton,Joe Lombardi,model_knowledge_unverified,medium,,
DET,offense,2025,Dan Campbell,John Morton,model_knowledge_unverified,low,,
GB,offense,2019-2025,Matt LaFleur,Adam Stenavich ; Nathaniel Hackett,model_knowledge_unverified,medium,,
HOU,defense,2023-2025,DeMeco Ryans,Matt Burke,model_knowledge_unverified,low,,
IND,offense,2018-2021,Frank Reich,Marcus Brady ; Nick Sirianni,model_knowledge_unverified,medium,,
IND,offense,2023-2025,Shane Steichen,Jim Bob Cooter,model_knowledge_unverified,medium,,
JAX,offense,2025,Liam Coen,Grant Udinski,model_knowledge_unverified,low,,
KC,offense,2013-2015,Andy Reid,Doug Pederson,model_knowledge_unverified,medium,,
KC,offense,2017,Andy Reid | Matt Nagy,Matt Nagy,evidence_wikipedia,medium,,
KC,offense,2018-2025,Andy Reid,Eric Bieniemy ; Matt Nagy,model_knowledge_unverified,medium,,
LAC,defense,2021-2022,Brandon Staley,Renaldo Hill,model_knowledge_unverified,medium,,
LAR,offense,2017-2025,Sean McVay,Kevin O'Connell ; Liam Coen ; Matt LaFleur ; Mike LaFleur ; Sean McVay,model_knowledge_unverified,medium,,
MIA,defense,2019-2021,Brian Flores,Josh Boyer ; Patrick Graham,model_knowledge_unverified,medium,,
MIA,offense,2022-2025,Mike McDaniel,Frank Smith,model_knowledge_unverified,medium,,
MIN,defense,2014-2015,Mike Zimmer,George Edwards,model_knowledge_unverified,medium,,
MIN,defense,2017-2021,Mike Zimmer,(none listed) ; George Edwards,model_knowledge_unverified,medium,,
MIN,offense,2022-2025,Kevin O'Connell,Wes Phillips,model_knowledge_unverified,medium,,
NO,defense,2023,Dennis Allen,Joe Woods,model_knowledge_unverified,low,,
NO,offense,2011,Sean Payton,Pete Carmichael Jr.,model_knowledge_unverified,medium,,
NO,offense,2013-2021,Sean Payton,Pete Carmichael Jr.,model_knowledge_unverified,medium,,
NYG,offense,2024,Brian Daboll,Mike Kafka,model_knowledge_unverified,low,,
NYJ,defense,2015-2018,Todd Bowles,(none listed) ; Kacy Rodgers,model_knowledge_unverified,medium,,
NYJ,defense,2025,Chris Harris,Chris Harris,evidence_wikipedia,high,,
NYJ,offense,2019,Adam Gase,Dowell Loggains,model_knowledge_unverified,medium,,
NYJ,offense,2020,Adam Gase | Dowell Loggains,Dowell Loggains,evidence_wikipedia,medium,,
OAK,offense,2018-2020,Jon Gruden,Greg Olson,model_knowledge_unverified,medium,,
OAK,offense,2022,Josh McDaniels,Mick Lombardi,model_knowledge_unverified,medium,,
PHI,offense,2013-2014,Chip Kelly,Pat Shurmur,model_knowledge_unverified,medium,,
PHI,offense,2016-2018,Doug Pederson,Frank Reich ; Mike Groh,model_knowledge_unverified,low,,
SEA,defense,2024-2025,Mike Macdonald,Aden Durde,model_knowledge_unverified,medium,,
SF,offense,2017-2025,Kyle Shanahan,Klay Kubiak ; Kyle Shanahan ; Mike McDaniel,model_knowledge_unverified,medium,,
TB,defense,2022-2025,Todd Bowles,(none listed),model_knowledge_unverified,medium,,
TEN,offense,2024,Brian Callahan,Nick Holz,model_knowledge_unverified,low,,
