franchise,wiki_team_name,valid_from_season,valid_to_season
ARI,Arizona Cardinals,1999,2025
ATL,Atlanta Falcons,1999,2025
BAL,Baltimore Ravens,1999,2025
BUF,Buffalo Bills,1999,2025
CAR,Carolina Panthers,1999,2025
CHI,Chicago Bears,1999,2025
CIN,Cincinnati Bengals,1999,2025
CLE,Cleveland Browns,1999,2025
DAL,Dallas Cowboys,1999,2025
DEN,Denver Broncos,1999,2025
DET,Detroit Lions,1999,2025
GB,Green Bay Packers,1999,2025
HOU,Houston Texans,2002,2025
IND,Indianapolis Colts,1999,2025
JAX,Jacksonville Jaguars,1999,2025
KC,Kansas City Chiefs,1999,2025
LAC,San Diego Chargers,1999,2016
LAC,Los Angeles Chargers,2017,2025
LAR,St. Louis Rams,1999,2015
LAR,Los Angeles Rams,2016,2025
OAK,Oakland Raiders,1999,2019
OAK,Las Vegas Raiders,2020,2025
MIA,Miami Dolphins,1999,2025
MIN,Minnesota Vikings,1999,2025
NE,New England Patriots,1999,2025
NO,New Orleans Saints,1999,2025
NYG,New York Giants,1999,2025
NYJ,New York Jets,1999,2025
PHI,Philadelphia Eagles,1999,2025
PIT,Pittsburgh Steelers,1999,2025
SEA,Seattle Seahawks,1999,2025
SF,San Francisco 49ers,1999,2025
TB,Tampa Bay Buccaneers,1999,2025
TEN,Tennessee Titans,1999,2025
WSH,Washington Redskins,1999,2019
WSH,Washington Football Team,2020,2021
WSH,Washington Commanders,2022,2025
