role,person,n_franchises,stints
DC,Al Holcomb,2,ARI:2018-2018 | CAR:2022-2022
DC,Alan Williams,2,CHI:2022-2023 | MIN:2012-2013
DC,Anthony Weaver,2,HOU:2020-2020 | MIA:2024-2025
DC,Brandon Staley,2,LAR:2020-2020 | NO:2025-2025
DC,Chuck Pagano,2,BAL:2011-2011 | CHI:2019-2020
DC,Dan Quinn,2,DAL:2021-2023 | SEA:2013-2014
DC,Dean Pees,3,ATL:2021-2022 | BAL:2012-2017 | TEN:2018-2019
DC,Dennis Allen,3,CHI:2025-2025 | DEN:2011-2011 | NO:2015-2021
DC,Dennis Thurman,2,BUF:2015-2016 | NYJ:2013-2014
DC,Dick LeBeau,2,PIT:2011-2014 | TEN:2016-2017
DC,Don Martindale,2,BAL:2018-2021 | NYG:2022-2023
DC,Ed Donatell,2,DEN:2019-2021 | MIN:2022-2022
DC,Ejiro Evero,2,CAR:2023-2025 | DEN:2022-2022
DC,Eric Washington,2,CAR:2018-2019 | CHI:2024-2024
DC,Greg Manusky,2,IND:2012-2015 | WSH:2017-2019
DC,Gregg Williams,4,CLE:2017-2017 | LAR:2012-2016 | NO:2011-2011 | NYJ:2019-2019
DC,Gus Bradley,4,IND:2022-2024 | LAC:2017-2020 | OAK:2021-2021 | SEA:2012-2012
DC,Jack Del Rio,2,DEN:2012-2014 | WSH:2020-2023
DC,James Bettcher,2,ARI:2015-2017 | NYG:2018-2019
DC,Jeff Ulbrich,2,ATL:2020-2025 | NYJ:2021-2023
DC,Jim O'Neil,2,CLE:2014-2015 | SF:2016-2016
DC,Jim Schwartz,3,BUF:2014-2014 | CLE:2023-2025 | PHI:2016-2020
DC,Joe Barry,2,GB:2021-2023 | WSH:2015-2016
DC,Joe Woods,3,CLE:2020-2022 | DEN:2017-2018 | NO:2023-2024
DC,Ken Norton Jr.,2,OAK:2015-2017 | SEA:2018-2021
DC,Kris Richard,2,NO:2022-2022 | SEA:2015-2017
DC,Leslie Frazier,2,BUF:2017-2022 | TB:2014-2015
DC,Lou Anarumo,3,CIN:2019-2024 | IND:2025-2025 | MIA:2015-2015
DC,Marquand Manuel,2,ATL:2017-2018 | NYJ:2024-2024
DC,Matt Burke,2,HOU:2023-2025 | MIA:2017-2018
DC,Matt Eberflus,2,DAL:2025-2025 | IND:2018-2021
DC,Mel Tucker,2,CHI:2013-2014 | JAX:2011-2012
DC,Mike Nolan,2,ATL:2012-2014 | DAL:2020-2020
DC,Mike Pettine,3,BUF:2013-2013 | GB:2018-2020 | NYJ:2012-2012
DC,Mike Zimmer,2,CIN:2011-2013 | DAL:2024-2024
DC,Patrick Graham,3,MIA:2019-2019 | NYG:2020-2021 | OAK:2022-2025
DC,Paul Guenther,2,CIN:2014-2017 | OAK:2018-2019
DC,Ray Horton,3,ARI:2012-2012 | CLE:2013-2016 | TEN:2014-2015
DC,Rob Ryan,2,DAL:2011-2012 | NO:2013-2015
DC,Rod Marinelli,3,CHI:2012-2012 | DAL:2014-2019 | OAK:2020-2020
DC,Romeo Crennel,2,HOU:2014-2019 | KC:2011-2011
DC,Ryan Nielsen,3,ATL:2023-2023 | JAX:2024-2024 | NO:2022-2022
DC,Sean Desai,2,CHI:2021-2021 | PHI:2023-2023
DC,Shane Bowen,2,NYG:2024-2024 | TEN:2021-2023
DC,Steve Spagnuolo,3,KC:2019-2025 | NO:2012-2012 | NYG:2015-2016
DC,Steve Wilks,3,CAR:2017-2017 | CLE:2019-2019 | SF:2023-2023
DC,Teryl Austin,2,DET:2014-2017 | PIT:2022-2025
DC,Todd Bowles,3,ARI:2013-2014 | PHI:2012-2012 | TB:2019-2021
DC,Vance Joseph,3,ARI:2019-2022 | DEN:2023-2025 | MIA:2016-2016
DC,Vic Fangio,4,CHI:2015-2018 | MIA:2022-2023 | PHI:2024-2025 | SF:2011-2014
DC,Wade Phillips,3,DEN:2015-2016 | HOU:2011-2013 | LAR:2017-2019
OC,Adam Gase,2,CHI:2015-2015 | DEN:2013-2014
OC,Alex Van Pelt,2,CLE:2020-2023 | NE:2024-2024
OC,Arthur Smith,2,PIT:2024-2025 | TEN:2019-2020
OC,Ben McAdoo,2,CAR:2022-2022 | NYG:2014-2015
OC,Bill Lazor,3,CHI:2020-2021 | CIN:2017-2018 | MIA:2014-2014
OC,Bill Musgrave,3,DEN:2018-2018 | MIN:2012-2013 | OAK:2015-2016
OC,Brad Childress,2,CLE:2012-2012 | KC:2016-2016
OC,Brian Daboll,2,BUF:2018-2021 | KC:2012-2012
OC,Brian Schottenheimer,4,DAL:2023-2024 | JAX:2021-2021 | LAR:2012-2014 | SEA:2018-2020
OC,Bruce Arians,2,IND:2012-2012 | PIT:2011-2011
OC,Chan Gailey,2,MIA:2020-2020 | NYJ:2016-2016
OC,Curtis Modkins,2,BUF:2012-2012 | SF:2016-2016
OC,Darrell Bevell,2,DET:2019-2019 | SEA:2012-2017
OC,Dirk Koetter,3,ATL:2012-2020 | JAX:2011-2011 | TB:2015-2015
OC,Dowell Loggains,4,CHI:2016-2017 | MIA:2018-2018 | NYJ:2019-2020 | TEN:2012-2013
OC,Eric Bieniemy,2,KC:2018-2022 | WSH:2023-2023
OC,Frank Reich,2,LAC:2014-2015 | PHI:2016-2017
OC,Freddie Kitchens,2,CLE:2018-2018 | NYG:2021-2021
OC,Gary Kubiak,2,BAL:2014-2014 | MIN:2020-2020
OC,Greg Olson,2,JAX:2015-2016 | OAK:2013-2025
OC,Greg Roman,4,BAL:2018-2022 | BUF:2015-2015 | LAC:2024-2025 | SF:2011-2014
OC,Jay Gruden,2,CIN:2011-2013 | JAX:2020-2020
OC,Jim Bob Cooter,2,DET:2015-2018 | IND:2023-2025
OC,Joe Brady,2,BUF:2023-2025 | CAR:2020-2021
OC,Joe Lombardi,3,DEN:2023-2025 | DET:2014-2015 | LAC:2021-2022
OC,John DeFilippo,2,CLE:2015-2015 | JAX:2019-2019
OC,John Morton,2,DET:2025-2025 | NYJ:2017-2017
OC,Kellen Moore,3,DAL:2019-2022 | LAC:2023-2023 | PHI:2024-2024
OC,Ken Dorsey,2,BUF:2022-2023 | CLE:2024-2024
OC,Kevin O'Connell,2,LAR:2020-2021 | WSH:2019-2019
OC,Klint Kubiak,3,MIN:2021-2021 | NO:2024-2024 | SEA:2025-2025
OC,Kyle Shanahan,4,ATL:2015-2016 | CLE:2014-2014 | SF:2017-2024 | WSH:2011-2013
OC,Liam Coen,2,LAR:2022-2022 | TB:2024-2024
OC,Luke Getsy,2,CHI:2022-2023 | OAK:2024-2024
OC,Marty Mornhinweg,3,BAL:2016-2018 | NYJ:2013-2014 | PHI:2012-2012
OC,Matt LaFleur,2,LAR:2017-2017 | TEN:2018-2018
OC,Mike LaFleur,2,LAR:2023-2025 | NYJ:2021-2022
OC,Mike McCoy,2,ARI:2018-2018 | DEN:2011-2017
OC,Mike Shula,2,CAR:2013-2017 | NYG:2018-2019
OC,Mike Sullivan,2,NYG:2016-2017 | TB:2012-2013
OC,Nathaniel Hackett,4,BUF:2013-2014 | GB:2019-2021 | JAX:2016-2018 | NYJ:2023-2024
OC,Norv Turner,3,CAR:2018-2019 | CLE:2013-2013 | MIN:2014-2015
OC,Pat Shurmur,3,DEN:2020-2021 | MIN:2017-2017 | PHI:2013-2014
OC,Pep Hamilton,2,HOU:2022-2022 | IND:2013-2014
OC,Rick Dennison,3,BUF:2017-2017 | DEN:2015-2016 | HOU:2011-2013
OC,Rob Chudzinski,2,CAR:2012-2012 | IND:2015-2017
OC,Scott Linehan,2,DAL:2015-2018 | DET:2011-2013
OC,Scott Turner,2,OAK:2024-2024 | WSH:2020-2022
OC,Sean McVay,2,LAR:2018-2019 | WSH:2014-2016
OC,Shane Steichen,2,LAC:2019-2020 | PHI:2021-2022
OC,Shane Waldron,2,CHI:2024-2024 | SEA:2021-2023
OC,Tim Kelly,3,HOU:2019-2021 | NYG:2025-2025 | TEN:2023-2023
OC,Todd Downing,2,OAK:2017-2017 | TEN:2021-2022
OC,Todd Haley,2,CLE:2018-2018 | PIT:2012-2017
OC,Todd Monken,3,BAL:2023-2025 | CLE:2019-2019 | TB:2016-2018
