unit,quantity,n,mean,se
offense,arrival_change,100,0.18971817932868787,0.11711396765579467
offense,departure_change,103,-0.06481748505511802,0.09908109621120721
offense,baseline_all_unit_seasons_change,622,0.0008992640491874757,0.04057478491503284
offense,baseline_tercile_low,208,0.5962860015419402,0.06559422459240706
offense,baseline_tercile_mid,207,-0.018618542234264734,0.0586472891146106
offense,baseline_tercile_high,207,-0.5778459315924453,0.06141599220065174
defense,arrival_change,95,0.06967661922166281,0.14731745371553945
defense,departure_change,100,0.04364839222709566,0.13309990560783572
defense,baseline_all_unit_seasons_change,635,0.03665164470892816,0.04610449726047083
defense,baseline_tercile_low,212,0.8082872932403701,0.0711419844581439
defense,baseline_tercile_mid,211,-0.01901661412407548,0.06268993256744335
defense,baseline_tercile_high,212,-0.6795783311160808,0.07006319968999397
