person,rating_qb_adjusted,n_seasons,n_distinct_qbs,separable
Mike Shanahan,0.35167698567238526,10,3,True
Tom Moore,0.3036851694983469,11,1,True
Andy Reid,0.27360476595367644,17,4,True
Greg Roman,0.2711429438419387,11,5,True
Josh McDaniels,0.22832599116221866,16,7,True
Ben Johnson,0.20762378414902427,4,2,True
Al Saunders,0.2057533340025789,6,2,True
Sean McVay,0.18668194723578838,12,4,True
Cam Cameron,0.18080135712928555,9,3,True
Mike Holmgren,0.17863386477746582,10,3,True
Mike Martz,0.1597999765616971,10,4,True
Kyle Shanahan,0.1553207325666497,16,8,True
Todd Monken,0.1433521022060317,7,3,True
Mike Mularkey,0.14327059493716965,8,4,True
Hue Jackson,0.13057709105847942,4,3,True
Sean Payton,0.12328121400131715,21,5,True
Matt LaFleur,0.11945630894152783,8,3,True
Shane Steichen,0.11591190811717304,7,6,True
Chip Kelly,0.11530199492519992,2,1,True
Paul Hackett,0.11255008251281041,4,2,True
Joe Brady,0.10362393337789698,3,2,True
Mike McCarthy,0.10205290317615902,19,8,True
Mike McDaniel,0.0982365671701109,4,1,True
Liam Coen,0.09800100583785093,2,2,True
Shane Waldron,0.09639854520304564,3,2,True
Ken Whisenhunt,0.08553679161416909,8,3,True
Ken Dorsey,0.07517403659683485,1,1,True
Klint Kubiak,0.0714596274244445,2,2,True
Tom Rossley,0.06768370939647442,6,1,True
Marty Mornhinweg,0.0654858622643558,12,5,True
Dirk Koetter,0.0647335337295834,9,3,True
Kliff Kingsbury,0.0613240718365757,6,2,True
Ray Sherman,0.06117154433502518,1,1,False
Joe Lombardi,0.060851085259662735,3,2,True
Steve Sarkisian,0.05907729774525098,2,1,True
Ken Zampese,0.056736508543095907,1,1,True
Bill Callahan,0.0563090213508863,2,1,True
Bob Bratkowski,0.054538418804228085,11,4,True
Doug Pederson,0.051142697188713525,3,1,True
Gil Haskell,0.05030412622078668,1,1,True
Mike Heimerdinger,0.047193872514630246,9,5,True
Todd Haley,0.04676212464119297,8,2,True
Norv Turner,0.04613229823929885,15,8,True
Joe Pendry,0.045622199886489384,2,2,True
Jason Garrett,0.04239148114144198,6,2,True
Les Steckel,0.03876664227525481,2,2,True
Brian Johnson,0.03842610335923181,1,1,True
Darrell Bevell,0.03825852313667239,12,6,True
Gary Kubiak,0.03157976557030125,10,5,True
Bill Lazor,0.031031959297583785,2,2,True
Kellen Moore,0.028808795069967183,5,3,True
Dan Campbell,0.027670618257942634,1,1,True
Carl Smith,0.022915767868431126,2,2,True
Sherman Smith,0.016984376170197383,1,1,True
Ryan Grubb,0.014681054003034065,1,1,True
Sylvester Croom,0.012377053898338986,1,1,True
Jimmy Raye II,0.011647295663191613,6,4,True
Nick Caley,0.008845698606473527,1,1,True
Drew Petzing,0.008645095253361622,3,2,True
Jim Bob Cooter,0.005801763444990607,3,1,True
Tim Kelly,0.0045891779528209106,3,3,True
Press Taylor,0.002310078658401651,3,1,True
Gary Crowton,0.0014707236827525459,1,1,True
Kevin Gilbride,-0.0039797737789910685,11,3,True
Byron Leftwich,-0.0043060842849209635,4,2,True
John Hufnagel,-0.0062199344706384595,3,2,True
Josh Grizzard,-0.01143857364105993,1,1,True
John Morton,-0.011500706905207426,1,1,True
Zac Robinson,-0.012788375835615116,2,2,True
John DeFilippo,-0.013014697158733471,2,2,True
Greg Knapp,-0.013879752431332146,9,5,True
Frank Reich,-0.015686252968844364,6,4,True
Ken Anderson,-0.01666266036247096,1,1,True
Bill O'Brien,-0.017099105844039637,2,2,True
Adam Gase,-0.018024775185008994,3,3,True
Mike LaFleur,-0.01889085261735098,2,1,True
Don Breaux,-0.019632545364318073,1,1,True
Sherman Lewis,-0.02173959020083332,5,4,True
Mike Solari,-0.021896899768676786,2,1,False
Rich Olson,-0.022543468888914193,2,1,True
Matt Nagy,-0.025956948495250497,2,1,True
Mike Tice,-0.026423633364194257,1,1,True
Brian Schottenheimer,-0.02773722497250308,13,8,True
Zac Taylor,-0.03039662140139407,7,2,True
Luke Getsy,-0.03056153407789462,2,1,False
Ben McAdoo,-0.030685604537883715,2,1,True
Scott Linehan,-0.03138087190006293,13,6,True
Terry Robiskie,-0.032955893284274285,2,1,True
Steve Spurrier,-0.03400434036068791,2,2,True
Bobby Slowik,-0.03434761396255869,2,1,True
Jim Fassel,-0.03593515064452172,2,2,True
Alex Wood,-0.03977586336785968,1,1,True
Rick Dennison,-0.041033818616577296,1,1,True
Steve Loney,-0.042714128847968054,1,1,True
Mike Kafka,-0.043544525000124935,2,1,True
Brian Billick,-0.04428416128262647,1,1,True
Mike Groh,-0.044640453099941586,1,1,True
Tom Clements,-0.04524608456127902,2,2,True
Turk Schonert,-0.04599612787934393,1,1,True
Brian Callahan,-0.04678664253132252,1,1,True
Charlie Weis,-0.04801957825081699,4,3,True
Chan Gailey,-0.04840470771850662,9,4,True
Kevin Patullo,-0.04866951542805349,1,1,True
Rob Chudzinski,-0.05069376149233599,7,5,True
Eric Bieniemy,-0.05113746012884051,1,1,False
Chad O'Shea,-0.05228023084984623,1,1,True
Brad Childress,-0.05500137217524468,1,1,False
Bruce Coslet,-0.05504582965388985,1,1,True
Rich Scangarello,-0.05611409588805403,1,1,True
Bruce Arians,-0.05684665740669017,13,5,True
Steve Fairchild,-0.06582514187549976,2,2,True
Curtis Modkins,-0.06668284866661554,1,1,True
Edgar Bennett,-0.06721708879581573,1,1,True
Todd Downing,-0.06901436686625777,3,2,True
Eric Studesville,-0.0692033984003881,1,1,True
Kevin O'Connell,-0.07136535254275259,4,3,True
Marc Trestman,-0.07397575387346378,6,5,True
Jay Gruden,-0.07745246852357704,4,2,True
Mike Sheppard,-0.07817773836894565,2,2,True
Dave Canales,-0.08019456503574282,3,3,True
Doug Nussmeier,-0.08047279356719184,1,1,False
Danny Abramowicz,-0.08232424637100669,1,1,False
Jeff Tedford,-0.0837916206483396,1,1,True
Arthur Smith,-0.08437606589761507,7,6,True
Tony Sparano,-0.08538045567726484,1,1,True
Dan Henning,-0.08543849673928114,7,4,True
Kevin Stefanski,-0.0889404453421076,5,4,True
Pete Carmichael Jr.,-0.08932527019910066,3,3,True
Alex Van Pelt,-0.09090193448213743,1,1,True
Dowell Loggains,-0.09130559234672661,4,4,True
Jim Colletto,-0.09325894442471515,1,1,False
Bill Musgrave,-0.09462456818325544,9,5,True
Mike Sherman,-0.1003363135817299,2,1,True
Nathaniel Hackett,-0.10136371718605217,4,4,True
Matt Canada,-0.10196814851143125,2,2,True
Keith Rowen,-0.10297255813885772,1,1,True
Jerry Sullivan,-0.10316270368685153,1,1,True
Pep Hamilton,-0.10523546380504507,3,2,True
Mike Shula,-0.1089507100906583,8,4,True
Mike Sullivan,-0.11068245497229698,3,3,True
Jim Caldwell,-0.11079099667560079,1,1,True
Tanner Engstrand,-0.11238402823918889,1,1,True
Anthony Lynn,-0.11278443949573293,1,1,True
George Sefcik,-0.11545845192365249,3,1,False
George Godsey,-0.12025225322435573,2,2,True
Jon Gruden,-0.12110404534511682,13,7,True
Chris Palmer,-0.12326019198960887,3,1,True
Randy Fichtner,-0.12564230372086133,3,2,True
Clyde Christensen,-0.128514985512027,5,5,True
Scott Turner,-0.13228916105266325,3,2,True
Jeff Davidson,-0.13250761006105663,4,3,True
Richard Williamson,-0.1347450698847548,1,1,False
Jeremy Bates,-0.14020015824425827,2,2,True
Terry Shea,-0.14127096526789426,1,1,True
Mike Miller,-0.14779310916293983,1,1,False
Norm Chow,-0.1525016227332543,3,2,True
Rob Boras,-0.15273126006691984,1,1,True
Tommy Rees,-0.15742308303100175,1,1,False
Matt Cavanaugh,-0.158454658454404,8,6,True
Jim Hostler,-0.17124629118739518,1,1,True
Ron Turner,-0.1738693963382203,5,3,True
Geep Chryst,-0.1759118046309112,3,3,True
Bobby Petrino,-0.17737231763511396,1,1,True
Maurice Carthon,-0.1913928813180204,5,5,True
Pat Shurmur,-0.2087450545556432,5,5,True
Greg Olson,-0.21435720841403486,8,5,True
Jedd Fisch,-0.2430368186260652,2,2,True
Mike McCoy,-0.2555958969509404,5,5,True
John Shoop,-0.27547376260526507,4,3,True
Brian Daboll,-0.31944390747083007,8,5,True
