evidence_id,season,franchise,page_title,url,sentence,persons_mentioned,unit_guess,source_type
1,2013,DAL,2013 Dallas Cowboys season,https://en.wikipedia.org/wiki/2013_Dallas_Cowboys_season,"Controversy followed the game for the Cowboys giving up a 23-point halftime lead and the play-calling of the coaching staff. ====Week 16: at Washington Redskins==== After the loss to the Packers the week before, the Cowboys managed to hold the Redskins to only two field goals to lead 14–6 at halftime.",,unknown,team_season_page
2,2013,NE,2013 New England Patriots season,https://en.wikipedia.org/wiki/2013_New_England_Patriots_season,"Brady threw a seemingly game deciding interception with just 2:16 remaining but once again, the Patriots defense managed to hold the Saints to a 3-and-out (mostly due to the Saints erratic play calling).",,defense,team_season_page
3,2015,GB,2015 Green Bay Packers season,https://en.wikipedia.org/wiki/2015_Green_Bay_Packers_season,This was the first game Mike McCarthy took back play-calling duties after relinquishing it to Tom Clements.,Mike McCarthy,unknown,team_season_page
4,2017,KC,2017 Kansas City Chiefs season,https://en.wikipedia.org/wiki/2017_Kansas_City_Chiefs_season,"During this stretch, the Chiefs offense struggled, leading to head coach Andy Reid giving play calling duties during games to offensive coordinator Matt Nagy.",Andy Reid | Matt Nagy,offense,team_season_page
5,2018,CAR,2018 Carolina Panthers season,https://en.wikipedia.org/wiki/2018_Carolina_Panthers_season,"Ron Rivera would also take over defensive play calling duties, although Washington would retain the title of defensive coordinator. ====Week 14: at Cleveland Browns==== With the loss, Carolina fell to 6-7. ====Week 15: vs.",Ron Rivera | Eric Washington,defense,team_season_page
6,2018,CLE,2018 Cleveland Browns season,https://en.wikipedia.org/wiki/2018_Cleveland_Browns_season,"Assistant defensive coordinator Blake Williams, son of interim head coach Gregg Williams, got his first play-calling duties in this game.",Gregg Williams | Blake Williams,defense,team_season_page
7,2018,OAK,2018 Oakland Raiders season,https://en.wikipedia.org/wiki/2018_Oakland_Raiders_season,"At the press conference announcing the hiring of Gruden on January 9, Gruden announced that Los Angeles Rams quarterbacks coach Greg Olson had been hired as offensive coordinator, though Gruden would call plays, while former Cincinnati Bengals defensive coordinator Paul Guenther was hired as the new defensive coordinator.",Jon Gruden | Greg Olson | Paul Guenther,unknown,team_season_page
8,2019,CHI,2019 Chicago Bears season,https://en.wikipedia.org/wiki/2019_Chicago_Bears_season,"Quarterbacks coach Dave Ragone served as play-caller as Bray played the full game, completing 28 of 40 passes for 334 yards, one touchdown and a 103.5 passer rating.",,unknown,team_season_page
9,2019,CHI,2019 Chicago Bears season,https://en.wikipedia.org/wiki/2019_Chicago_Bears_season,"In regards to his play-calling in the loss, he said it ""wasn't good enough.",,unknown,team_season_page
10,2019,MIA,2019 Miami Dolphins season,https://en.wikipedia.org/wiki/2019_Miami_Dolphins_season,"The Dolphins conducted interviews with several candidates such as team assistants Dowell Loggains and Darren Rizzi, Kansas City Chiefs offensive coordinator Eric Bieniemy, and New England Patriots linebackers coach, defensive play caller, and long-time assistant Brian Flores.",Brian Flores,unknown,team_season_page
11,2020,CHI,2020 Chicago Bears season,https://en.wikipedia.org/wiki/2020_Chicago_Bears_season,"With Chicago's offense struggling through the first nine games, being ranked 31st in yards per play and 29th in points per game, Nagy relinquished play calling duties to Bill Lazor beginning with Week 10.",Matt Nagy | Bill Lazor,offense,team_season_page
12,2020,NYJ,2020 New York Jets season,https://en.wikipedia.org/wiki/2020_New_York_Jets_season,"Buffalo Bills==== Amidst heavy criticism, Head Coach Adam Gase gave up offensive play calling duties, instead leaving it to Offensive Coordinator Dowell Loggains.",Adam Gase | Dowell Loggains,offense,team_season_page
13,2020,PHI,2020 Philadelphia Eagles season,https://en.wikipedia.org/wiki/2020_Philadelphia_Eagles_season,This left many fans and media questioning Pederson's play calling creativity.,Doug Pederson,unknown,team_season_page
14,2021,MIA,2021 Miami Dolphins season,https://en.wikipedia.org/wiki/2021_Miami_Dolphins_season,"On May 26, Tua Tagovailoa, when reflecting on the 2020 season, said he wasn't comfortable calling plays and he didn't know the playbook really well.",,unknown,team_season_page
15,2022,NE,2022 New England Patriots season,https://en.wikipedia.org/wiki/2022_New_England_Patriots_season,"Former defensive coordinator Matt Patricia was given offensive playcalling duties and former special teams coordinator Joe Judge was named quarterbacks coach, despite both having no prior offensive coaching experience.",,unknown,team_season_page
16,2024,CLE,2024 Cleveland Browns season,https://en.wikipedia.org/wiki/2024_Cleveland_Browns_season,It was later announced that head coach Kevin Stefanski would relinquish playcalling duties to offensive coordinator Ken Dorsey moving forward. ====Week 8: vs.,Kevin Stefanski | Ken Dorsey,offense,team_season_page
17,2025,NYJ,2025 New York Jets season,https://en.wikipedia.org/wiki/2025_New_York_Jets_season,"Defensive backs/pass game coordinator Chris Harris took over as the team’s defensive play-caller. ====Week 16: at New Orleans Saints==== With the loss, the Jets fell to 3–12 and finished 1–3 against the NFC South (1–4 against the NFC).",Chris Harris,defense,team_season_page
18,,,Adam Gase,https://en.wikipedia.org/wiki/Adam_Gase,"By the Week 7 matchup against the Buffalo Bills, Gase had relieved himself of offensive play calling duties in favor of offensive coordinator Dowell Loggains.  [subject: Adam Gase]",Adam Gase,offense,biography
19,,,Andy Reid,https://en.wikipedia.org/wiki/Andy_Reid,"After their strong start, the Chiefs lost six of their next seven games, resulting in Reid conceding play calling duties to offensive coordinator Matt Nagy.  [subject: Andy Reid]",Andy Reid,offense,biography
20,,,Ben Johnson (American football coach),https://en.wikipedia.org/wiki/Ben_Johnson_(American_football_coach),"That same season, Johnson would be promoted to pass game coordinator after Anthony Lynn was stripped of play-calling duties following an 0–8 start.  [subject: Ben Johnson]",Ben Johnson,unknown,biography
21,2019,,Bill Belichick,https://en.wikipedia.org/wiki/Bill_Belichick,"On May 13, 2019, Belichick announced that he would assume another role as the Patriots' defensive play-caller starting the 2019 season to replace Brian Flores, who had left to become head coach of the Miami Dolphins.  [subject: Bill Belichick]",Bill Belichick,defense,biography
22,2013,,Bill Callahan (American football coach),https://en.wikipedia.org/wiki/Bill_Callahan_(American_football_coach),"On June 4, 2013, Cowboys owner Jerry Jones announced that Callahan would call plays on offense during the upcoming season, allowing head coach Jason Garrett to focus on game-management.  [subject: Bill Callahan]",Bill Callahan,offense,biography
23,2013,,Bill Callahan (American football coach),https://en.wikipedia.org/wiki/Bill_Callahan_(American_football_coach),"After being the offensive coordinator for the Cowboys during the 2013 season, Callahan was stripped of his play calling duties.  [subject: Bill Callahan]",Bill Callahan,offense,biography
24,2008,,Bill O'Brien (American football),https://en.wikipedia.org/wiki/Bill_O'Brien_(American_football),O'Brien became the quarterbacks coach and offensive play-caller following the 2008 season after quarterbacks coach and offensive coordinator Josh McDaniels left to become head coach of the Denver Broncos.  [subject: Bill O'Brien],Bill O'Brien,offense,biography
25,,,Bill O'Brien (American football),https://en.wikipedia.org/wiki/Bill_O'Brien_(American_football),He spent six seasons coaching within the Patriots offense and four of those six seasons as the play-caller.  [subject: Bill O'Brien],Bill O'Brien,offense,biography
26,,,Brian Callahan,https://en.wikipedia.org/wiki/Brian_Callahan,"Following a Week 3 42–20 loss to the Indianapolis Colts, Callahan handed offensive playcalling duties to quarterbacks coach Bo Hardegree.  [subject: Brian Callahan]",Brian Callahan,offense,biography
27,,,Brian Flores,https://en.wikipedia.org/wiki/Brian_Flores,"Flores was New England's defensive playcaller during his final season with the team, which concluded with a victory in Super Bowl LIII.  [subject: Brian Flores]",Brian Flores,defense,biography
28,,,Brian Flores,https://en.wikipedia.org/wiki/Brian_Flores,"The day after the Patriots lost Super Bowl LII to the Philadelphia Eagles, long-time assistant Matt Patricia left to become the new head coach of the Detroit Lions, and Flores would take over the Patriots' defensive playcalling duties, but was not given the title of defensive coordinator.  [subject: Brian Flores]",Brian Flores,defense,biography
29,2023,,Brian Schottenheimer,https://en.wikipedia.org/wiki/Brian_Schottenheimer,"On February 4, 2023, after Kellen Moore left to join the Los Angeles Chargers staff, Schottenheimer was promoted to offensive coordinator, with head coach Mike McCarthy taking over the play-calling responsibility.  [subject: Brian Schottenheimer]",Brian Schottenheimer,offense,biography
30,,,Bruce Arians,https://en.wikipedia.org/wiki/Bruce_Arians,"Arians is known as a ""quarterback whisperer"" with a ""no risk-it, no biscuit"" slogan, which encourages aggressive playcalling.  [subject: Bruce Arians]",Bruce Arians,unknown,biography
31,2009,,Chan Gailey,https://en.wikipedia.org/wiki/Chan_Gailey,He was demoted after three pre-season games in 2009 and relieved of play-calling duties by head coach Todd Haley.  [subject: Chan Gailey],Chan Gailey,unknown,biography
32,2021,,Dan Campbell,https://en.wikipedia.org/wiki/Dan_Campbell,"Any loss that we take, we're going to feel the full pain from it and not be numb to it."" With the Lions, Campbell has been known for his high level of energy, aggressive play calling, and interactions with the media. ====2021 season==== After starting the season 0–10–1, which included a 16–16 tie against the Pittsburgh Steelers in Week 9, Campbell and the Lions recorded their first victory of the   [subject: Dan Campbell]",Dan Campbell,unknown,biography
33,,,Dan Campbell,https://en.wikipedia.org/wiki/Dan_Campbell,"Following the game, Campbell was criticized for being too aggressive in his play-calling, which included him attempting to convert two 4th downs in field goal range and failing to convert both of them.  [subject: Dan Campbell]",Dan Campbell,unknown,biography
34,2011,,Dan Campbell,https://en.wikipedia.org/wiki/Dan_Campbell,"This made them only the second team in NFL history to win 15 games and lose their first playoff game, joining the 2011 Green Bay Packers. ==== 2025 season ==== In Week 10, Campbell took over offensive play calling duties and coached the Lions to a 44–22 win over the Washington Commanders.  [subject: Dan Campbell]",Dan Campbell,offense,biography
35,,,Dan Campbell,https://en.wikipedia.org/wiki/Dan_Campbell,"From Week 11 onwards, Campbell assumed the role of offensive playcaller for the rest season.  [subject: Dan Campbell]",Dan Campbell,offense,biography
36,2025,,Dan Campbell,https://en.wikipedia.org/wiki/Dan_Campbell,"Campbell's aggressive, high-risk play-calling has led fans to refer to him as ""Ramblin' Gamblin' Dan Campbell"". ==References== == Further reading == * *Hockensmith, Ryan (September 22, 2025).  [subject: Dan Campbell]",Dan Campbell,unknown,biography
37,,,Dan Quinn (American football),https://en.wikipedia.org/wiki/Dan_Quinn_(American_football),"However, after a defensive turnaround with Quinn distributing some of the defensive play-calling duties to assistants, the team finished the season at 7–9, again placing second in the NFC South and missing the playoffs for a second consecutive year.  [subject: Dan Quinn]",Dan Quinn,defense,biography
38,,,Dirk Koetter,https://en.wikipedia.org/wiki/Dirk_Koetter,"Under Koetter, who was also the offensive play caller, the Sun Devils became known for a vertical passing attack.  [subject: Dirk Koetter]",Dirk Koetter,offense,biography
39,2015,,Doug Pederson,https://en.wikipedia.org/wiki/Doug_Pederson,"Following a 1–5 start in 2015, Andy Reid gave Pederson play-calling duties.  [subject: Doug Pederson]",Doug Pederson,unknown,biography
40,,,Freddie Kitchens,https://en.wikipedia.org/wiki/Freddie_Kitchens,"When Giants offensive coordinator Jason Garrett tested positive for COVID-19 ahead of the Week 15 matchup against the Cleveland Browns, Kitchens' former team, Kitchens was named offensive coordinator and play-caller for the game.  [subject: Freddie Kitchens]",Freddie Kitchens,offense,biography
41,2009,,Gus Bradley,https://en.wikipedia.org/wiki/Gus_Bradley,"He came to prominence as the defensive coordinator for the Seattle Seahawks from 2009 to 2012, where he was the original playcaller of the team's Legion of Boom secondary.  [subject: Gus Bradley]",Gus Bradley,defense,biography
42,2003,,Hue Jackson,https://en.wikipedia.org/wiki/Hue_Jackson,"Jackson was promoted to offensive coordinator in Washington by Spurrier in 2003 and handled the team's offensive play-calling, becoming the only coach to perform that duty other than the head coach. ===Cincinnati Bengals (first stint)=== Jackson was the wide receivers coach for the Cincinnati Bengals for three seasons.  [subject: Hue Jackson]",Hue Jackson,offense,biography
43,2011,,Josh McDaniels,https://en.wikipedia.org/wiki/Josh_McDaniels,"O'Brien left the Patriots after the 2011 season ended to become head coach at Penn State, but maintained play calling duties through Super Bowl XLVI.  [subject: Josh McDaniels]",Josh McDaniels,unknown,biography
44,2025,,Josh McDaniels,https://en.wikipedia.org/wiki/Josh_McDaniels,"Under McDaniels' playcalling in the 2025 season, the Patriots were the second best scoring offense in the league with the average of 28.8 points per game, improving from the previous season, where they placed in the bottom three with 16.1 points per game under Alex Van Pelt.  [subject: Josh McDaniels]",Josh McDaniels,offense,biography
45,2011,,Kliff Kingsbury,https://en.wikipedia.org/wiki/Kliff_Kingsbury,"In 2011, Kingsbury served as playcaller of an offense that led the NCAA in nearly all offensive statistics, averaging 50 points and nearly 600 yards per game. ===Texas A&M Aggies (2012)=== Kingsbury was named the offensive coordinator for the Texas A&M Aggies in 2012, coaching Heisman Trophy-winning quarterback Johnny Manziel.  [subject: Kliff Kingsbury]",Kliff Kingsbury,offense,biography
46,,,Kyle Shanahan,https://en.wikipedia.org/wiki/Kyle_Shanahan,"During Super Bowl LI, the Falcons held a 28–3 lead over the Patriots in the third quarter, in part thanks to Shanahan's play-calling and the Falcons' execution of those plays.  [subject: Kyle Shanahan]",Kyle Shanahan,unknown,biography
47,,,Lovie Smith,https://en.wikipedia.org/wiki/Lovie_Smith,"Bob Babich, Rivera's replacement as the team's defensive coordinator, was also criticized for his play calling.  [subject: Lovie Smith]",Lovie Smith,defense,biography
48,,,Lovie Smith,https://en.wikipedia.org/wiki/Lovie_Smith,"After the season's conclusion, Smith demoted Babich and took over defensive play-calling responsibilities.  [subject: Lovie Smith]",Lovie Smith,defense,biography
49,,,Lovie Smith,https://en.wikipedia.org/wiki/Lovie_Smith,"Smith was relieved of his defensive play-calling responsibilities, while Babich was officially demoted as the team's defensive coordinator.  [subject: Lovie Smith]",Lovie Smith,defense,biography
50,,,Matt Eberflus,https://en.wikipedia.org/wiki/Matt_Eberflus,Eberflus also took over defensive play calling duties after defensive coordinator Alan Williams resigned after Week 2.  [subject: Matt Eberflus],Matt Eberflus,defense,biography
51,,,Matt LaFleur,https://en.wikipedia.org/wiki/Matt_LaFleur,"Joining new head coach Mike Vrabel, LaFleur's role in directing the offense increased, as he had play-calling responsibilities unlike during his tenure with the Rams.  [subject: Matt LaFleur]",Matt LaFleur,offense,biography
52,2025,,Matt LaFleur,https://en.wikipedia.org/wiki/Matt_LaFleur,"The Packers lost to the Philadelphia Eagles 22–10 in the Wild Card Round. ==== 2025 season ==== In Week 4, LaFleur was criticized by Packers fans for his playcalling, settling for a field goal rather than going for a win against the Dallas Cowboys in a 40–40 tie.  [subject: Matt LaFleur]",Matt LaFleur,unknown,biography
53,,,Matt Nagy,https://en.wikipedia.org/wiki/Matt_Nagy,"In December, with the Chiefs at 6–5 after a 5–0 start to the season, Reid ceded play-calling duties to Nagy.  [subject: Matt Nagy]",Matt Nagy,unknown,biography
54,2018,,Matt Nagy,https://en.wikipedia.org/wiki/Matt_Nagy,"In the Wild Card Round, the Chiefs were defeated by the Tennessee Titans after the Titans erased a 21–3 deficit in the second half to win 22–21; amid rumors that Reid was calling plays again, Nagy reaffirmed he was doing so and called the game a ""failure in my book."" ===Chicago Bears=== On January 8, 2018, Nagy was hired by the Chicago Bears to become the 16th head coach in team history.  [subject: Matt Nagy]",Matt Nagy,unknown,biography
55,,,Matt Nagy,https://en.wikipedia.org/wiki/Matt_Nagy,"With the offense's struggles persisting through the first nine games of the year and through the stretch, including being ranked 29th in points per game and 31st in yards per play, Nagy relinquished play calling duties to new offensive coordinator Bill Lazor.  [subject: Matt Nagy]",Matt Nagy,offense,biography
56,,,Matt Nagy,https://en.wikipedia.org/wiki/Matt_Nagy,Nagy surrendered play calling back to Lazor for the next week's game against Detroit.  [subject: Matt Nagy],Matt Nagy,unknown,biography
57,,,Matt Nagy,https://en.wikipedia.org/wiki/Matt_Nagy,"As traditional offensive play-calling can be easily adapted and adjusted for accordingly by defenses, Nagy explained the gadget plays can confuse them and allow him to ""stay one step ahead of these defensive coordinators."" As Bears coach, other plays were tributes to the team's history; ""Papa Bear Left"" was run out of the T formation made famous by team founder and longtime head coach George ""Papa  [subject: Matt Nagy]",Matt Nagy,unknown,biography
58,2022,,Matt Patricia,https://en.wikipedia.org/wiki/Matt_Patricia,He also served as the Patriots' offensive playcaller in 2022.  [subject: Matt Patricia],Matt Patricia,offense,biography
59,2018,,Matt Patricia,https://en.wikipedia.org/wiki/Matt_Patricia,"He was the last defensive playcaller under Belichick to hold the title of defensive coordinator. ===Detroit Lions=== thumb|alt=|Patricia in 2018 On February 5, 2018, Patricia was named the head coach of the Detroit Lions.  [subject: Matt Patricia]",Matt Patricia,defense,biography
60,2022,,Matt Patricia,https://en.wikipedia.org/wiki/Matt_Patricia,"Throughout the 2022 season, he served as the offensive playcaller.  [subject: Matt Patricia]",Matt Patricia,offense,biography
61,2023,,Matt Patricia,https://en.wikipedia.org/wiki/Matt_Patricia,"Patricia was relieved of his duties as offensive playcaller after the season where the offense regressed to an average of 18.1 points per game, although Patricia was retained as a football advisor. ===Philadelphia Eagles=== On April 20, 2023, Patricia was hired as a senior defensive assistant for the Philadelphia Eagles.  [subject: Matt Patricia]",Matt Patricia,unknown,biography
62,,,Matt Patricia,https://en.wikipedia.org/wiki/Matt_Patricia,"On December 17, head coach Nick Sirianni announced that Patricia would replace Sean Desai as defensive playcaller following consecutive losses in which the team's defense surrendered 42 and 33 points.  [subject: Matt Patricia]",Matt Patricia,defense,biography
63,,,Matt Patricia,https://en.wikipedia.org/wiki/Matt_Patricia,"According to The Philadelphia Inquirer, the Eagles' defense displayed ""little to no improvement"" under Patricia, and the team lost three of its four remaining regular season games following his appointment as defensive playcaller, culminating in a 32–9 loss to the Tampa Bay Buccaneers in the Wild Card Round.  [subject: Matt Patricia]",Matt Patricia,defense,biography
64,2011,,Mel Tucker,https://en.wikipedia.org/wiki/Mel_Tucker,"In the 2011 season, head coach Jack Del Rio put Tucker in charge of defensive play-calling, and the team quickly became the fourth highest rated in the NFL.  [subject: Mel Tucker]",Mel Tucker,defense,biography
65,2022,,Mike Kafka,https://en.wikipedia.org/wiki/Mike_Kafka,"On September 5, 2022, it was announced that Kafka would remain the play-caller for the regular season after a strong preseason.  [subject: Mike Kafka]",Mike Kafka,unknown,biography
66,2024,,Mike Kafka,https://en.wikipedia.org/wiki/Mike_Kafka,"He was given an additional title of assistant head coach by the Giants on February 7, 2024; however, he was removed from play-calling duties by the team for the 2024 season.  [subject: Mike Kafka]",Mike Kafka,unknown,biography
67,2025,,Mike Kafka,https://en.wikipedia.org/wiki/Mike_Kafka,Daboll assigned Kafka as offensive play-caller again for the 2025 season.  [subject: Mike Kafka],Mike Kafka,offense,biography
68,2020,,Mike Macdonald,https://en.wikipedia.org/wiki/Mike_Macdonald,"At his introductory press conference, Macdonald said he initially intended to retain defensive playcalling duties, but would relinquish them ""when it becomes obvious that someone else is ready to go and we see it the same way."" Macdonald began his inaugural season with Seattle by leading the team to three straight victories for the first time since 2020.  [subject: Mike Macdonald]",Mike Macdonald,defense,biography
69,,,Mike McCarthy,https://en.wikipedia.org/wiki/Mike_McCarthy,"A day after the loss, McCarthy stated that he is ""not questioning his play-calling"", as well as stating that he ""came to run the ball"".  [subject: Mike McCarthy]",Mike McCarthy,unknown,biography
70,2015,,Mike McCarthy,https://en.wikipedia.org/wiki/Mike_McCarthy,"Others defended McCarthy; in March 2015, at the annual owners' meetings, Bill Belichick stated that McCarthy is ""one of the best coaches I've ever gone up against."" McCarthy relinquished play calling duties to long-time assistant Tom Clements in February 2015.  [subject: Mike McCarthy]",Mike McCarthy,defense,biography
71,,,Mike McCarthy,https://en.wikipedia.org/wiki/Mike_McCarthy,"In December, McCarthy once again took over play calling responsibilities.  [subject: Mike McCarthy]",Mike McCarthy,unknown,biography
72,2023,,Mike McCarthy,https://en.wikipedia.org/wiki/Mike_McCarthy,"In February 2023, team owner Jerry Jones stated that McCarthy would call plays during the following season.  [subject: Mike McCarthy]",Mike McCarthy,unknown,biography
73,,,Nathaniel Hackett,https://en.wikipedia.org/wiki/Nathaniel_Hackett,"On November 20, Hackett ceded play-calling duties to quarterbacks coach Klint Kubiak.  [subject: Nathaniel Hackett]",Nathaniel Hackett,unknown,biography
74,2024,,Nathaniel Hackett,https://en.wikipedia.org/wiki/Nathaniel_Hackett,"After the firing of head coach Robert Saleh and a 2–3 start to the Jets' 2024 season, interim head coach Jeff Ulbrich stripped Hackett of play-calling duties.  [subject: Nathaniel Hackett]",Nathaniel Hackett,unknown,biography
75,,,Nick Sirianni,https://en.wikipedia.org/wiki/Nick_Sirianni,"In particular, Sirianni caused a significant controversy after removing defensive coordinator Sean Desai from defensive play calling and passed them onto former New England Patriots defensive coordinator and Detroit Lions head coach Matt Patricia, a move that ultimately backfired and led the Eagles to finish second to last in total defense.  [subject: Nick Sirianni]",Nick Sirianni,defense,biography
76,,,Pat Shurmur,https://en.wikipedia.org/wiki/Pat_Shurmur,"After a four-game losing streak, Shurmur was promoted to co-offensive coordinator alongside the existing Sean Lewis and took over play calling from Lewis.  [subject: Pat Shurmur]",Pat Shurmur,offense,biography
77,,,Pat Shurmur,https://en.wikipedia.org/wiki/Pat_Shurmur,Tight ends coach and passing game coordinator Brett Bartolone took over play calling following his demotion.  [subject: Pat Shurmur],Pat Shurmur,unknown,biography
78,,,Sean McDermott,https://en.wikipedia.org/wiki/Sean_McDermott,"McDermott was questioned by fans and analysts for his play calling, with criticism specifically aimed at his decision making in regards to attempting field goals instead of touchdowns on a pair of fourth and goal situations.  [subject: Sean McDermott]",Sean McDermott,unknown,biography
79,2023,,Sean McDermott,https://en.wikipedia.org/wiki/Sean_McDermott,"Following Leslie Frazier's resignation in February 2023, McDermott assumed play-calling duties on defense for the 2023 season.  [subject: Sean McDermott]",Sean McDermott,defense,biography
80,2018,,Sean McVay,https://en.wikipedia.org/wiki/Sean_McVay,"On January 19, 2018, at the 7th NFL Honors in Minneapolis, he was named NFL Coach of the Year by the Associated Press, having received 35 out of 50 votes. ====2018 season: Super Bowl LIII run==== thumb|McVay interviewed by Terry Bradshaw after winning the NFC Championship After offensive coordinator Matt LaFleur left his position with the Rams on January 30, 2018, to move up to play caller as offe  [subject: Sean McVay]",Sean McVay,offense,biography
81,,,Sean McVay,https://en.wikipedia.org/wiki/Sean_McVay,"McVay took responsibility for himself and his coaching staff for the playcalling in the second half that led the way to Los Angeles's first defeat of the season, saying, ""We came in with the expectations of being aggressive, playing to be able to win the football game.  [subject: Sean McVay]",Sean McVay,unknown,biography
82,2002,,Sean Payton,https://en.wikipedia.org/wiki/Sean_Payton,"During the 2002 season, after several poor showings by the Giants' offense, Payton's role in play-calling was taken over by then head coach Jim Fassel.  [subject: Sean Payton]",Sean Payton,offense,biography
83,2026,,Sean Payton,https://en.wikipedia.org/wiki/Sean_Payton,"On February 24, 2026, Payton announced that he would be handing over offensive play calling duties to offensive coordinator Davis Webb, marking the first time in Payton's career as a head coach that he would not be calling plays.  [subject: Sean Payton]",Sean Payton,offense,biography
84,,,Shane Steichen,https://en.wikipedia.org/wiki/Shane_Steichen,"During his tenure as play caller, the unit ranked fifth in the league in total yards per game (384.3), sixth in passing yards per game (272.1) and seventh in third down percentage (42.7 percent).  [subject: Shane Steichen]",Shane Steichen,unknown,biography
85,2026,,Shane Steichen,https://en.wikipedia.org/wiki/Shane_Steichen,"After the season ended, Colts CEO and co-owner Carlie Irsay-Gordon announced that Steichen would remain the team's head coach going into the 2026 season. 2026 season In a game on Sunday Night Football against the Kansas City Chiefs, Steichen received immense criticism for his play calling towards the end of the game.  [subject: Shane Steichen]",Shane Steichen,unknown,biography
86,,,Thomas Brown (American football coach),https://en.wikipedia.org/wiki/Thomas_Brown_(American_football_coach),"On October 16, after starting 0-6, Frank Reich ceded play calling to Brown.  [subject: Thomas Brown]",Thomas Brown,unknown,biography
87,,,Thomas Brown (American football coach),https://en.wikipedia.org/wiki/Thomas_Brown_(American_football_coach),"Although losing his first game as play caller, a 20–19 loss to the Green Bay Packers, WFLD noted that Brown ""didn't reinvent the wheel"" while commending his strategy of ""quick passes, balanc[ing] the run and pass and [scripting] plays"" along with hurrying the offense to the line of scrimmage so that Williams could properly read the defense.  [subject: Thomas Brown]",Thomas Brown,unknown,biography
88,,,Todd Haley,https://en.wikipedia.org/wiki/Todd_Haley,Haley did not start calling plays for the Cardinals until late in the season.  [subject: Todd Haley],Todd Haley,unknown,biography
89,,,Todd Haley,https://en.wikipedia.org/wiki/Todd_Haley,Gailey was relieved of duties and Haley assumed offensive play-calling duties throughout the rest of the season.  [subject: Todd Haley],Todd Haley,offense,biography
90,2006,,Tony Sparano,https://en.wikipedia.org/wiki/Tony_Sparano,"Sparano was the offensive play-caller for Dallas in 2006, but ceded the responsibilities to new offensive coordinator Jason Garrett the following season. ====Head coach==== After firing Cam Cameron following a franchise-worst 1–15 season, the Miami Dolphins and new executive vice president of football operations, Bill Parcells hired Sparano to a four-year contract worth $2,500,000 per year on Janu  [subject: Tony Sparano]",Tony Sparano,offense,biography
91,2017,,Dowell Loggains,https://en.wikipedia.org/wiki/Dowell_Loggains,"The Bears struggled during Loggains' tenure as OC, with a November 2017 ranking by ESPN placing him dead last among 32 playcallers, while the offense ended the 2017 season averaging just 16.5 points per game (29th in the league).  [subject: Dowell Loggains]",Dowell Loggains,offense,biography
92,2020,,Dowell Loggains,https://en.wikipedia.org/wiki/Dowell_Loggains,"On October 25, 2020, in anticipation of the Week 7 matchup against the Buffalo Bills, head coach Adam Gase gave up offensive play-calling duties and gave them to Loggains.  [subject: Dowell Loggains]",Dowell Loggains,offense,biography
93,2020,,Dowell Loggains,https://en.wikipedia.org/wiki/Dowell_Loggains,"On October 28, 2020, ahead of the matchup against the Kansas City Chiefs, it was reported that Loggains would again be given offensive play-calling duties.  [subject: Dowell Loggains]",Dowell Loggains,offense,biography
94,,,Greg Manusky,https://en.wikipedia.org/wiki/Greg_Manusky,Swearinger publicly criticized Manusky and his play calling following the team's Week 16 loss to the Tennessee Titans.  [subject: Greg Manusky],Greg Manusky,unknown,biography
95,,,Joe Lombardi,https://en.wikipedia.org/wiki/Joe_Lombardi,"While Payton was the play caller, Lombardi served as his consultant from the coaches' booth during games.  [subject: Joe Lombardi]",Joe Lombardi,unknown,biography
96,2014,,Scott Linehan,https://en.wikipedia.org/wiki/Scott_Linehan,"On January 27, 2014, the Dallas Cowboys hired Linehan as offensive play caller and was later given the title of passing game coordinator.  [subject: Scott Linehan]",Scott Linehan,offense,biography
97,,,Scott Linehan,https://en.wikipedia.org/wiki/Scott_Linehan,"Incumbent offensive coordinator and play caller Bill Callahan remained on the staff, but relinquished play calling duties and was given the new title of running game coordinator.  [subject: Scott Linehan]",Scott Linehan,offense,biography
98,,,Scott Linehan,https://en.wikipedia.org/wiki/Scott_Linehan,Linehan served as the de facto offensive coordinator by leading offensive meetings and calling plays during games.  [subject: Scott Linehan],Scott Linehan,offense,biography
99,,,Eric Bieniemy,https://en.wikipedia.org/wiki/Eric_Bieniemy,"He was given full playcalling duties, something he did not share under Chiefs head coach Andy Reid.  [subject: Eric Bieniemy]",Eric Bieniemy,unknown,biography
100,,,Marty Mornhinweg,https://en.wikipedia.org/wiki/Marty_Mornhinweg,"Coach Andy Reid gave Mornhinweg the play-calling responsibilities after the Eagles' disastrous loss to the Indianapolis Colts, 45–21.  [subject: Marty Mornhinweg]",Marty Mornhinweg,unknown,biography
101,2012,,Marty Mornhinweg,https://en.wikipedia.org/wiki/Marty_Mornhinweg,"It was the only time Reid yielded play-calling responsibilities, a role Mornhinweg continued through the 2012 season, until Reid (and his staff) was fired at the end of that season.  [subject: Marty Mornhinweg]",Marty Mornhinweg,unknown,biography
102,2004,,Alex Van Pelt,https://en.wikipedia.org/wiki/Alex_Van_Pelt,"He did color commentary for the radio broadcast of all Bills games during the 2004 season. ==Coaching career== ===Frankfurt Galaxy=== Van Pelt began his coaching career in 2005 as the quarterbacks coach for the Frankfurt Galaxy of NFL Europe, the NFL's developmental league, where he was also responsible for all offensive play calling. ===University at Buffalo=== After the end of the NFL Europe sea  [subject: Alex Van Pelt]",Alex Van Pelt,offense,biography
103,2021,,Alex Van Pelt,https://en.wikipedia.org/wiki/Alex_Van_Pelt,"Stefanski missed the Wild Card Round against the Pittsburgh Steelers on January 10, 2021, and Van Pelt took over as the offensive play caller for the 48–37 road victory.  [subject: Alex Van Pelt]",Alex Van Pelt,offense,biography
104,2020,,Bill Lazor,https://en.wikipedia.org/wiki/Bill_Lazor,"On November 13, 2020, head coach Matt Nagy relinquished play-calling duties to Lazor.  [subject: Bill Lazor]",Bill Lazor,unknown,biography
105,2021,,Bill Lazor,https://en.wikipedia.org/wiki/Bill_Lazor,"Although Nagy resumed calling plays in 2021, Lazor reassumed the responsibility again by Week 4.  [subject: Bill Lazor]",Bill Lazor,unknown,biography
106,,,Bill Musgrave,https://en.wikipedia.org/wiki/Bill_Musgrave,Musgrave was promoted to offensive coordinator and called plays in place of Dana Bible for the final 10 games of the season.  [subject: Bill Musgrave],Bill Musgrave,offense,biography
107,,,Bill Musgrave,https://en.wikipedia.org/wiki/Bill_Musgrave,"The team chose him to replace Haskell, who was a holdover from a previous staff, due to his favorable relationship with Seifert as well as his experience calling plays the previous season.  [subject: Bill Musgrave]",Bill Musgrave,unknown,biography
108,,,Bill Musgrave,https://en.wikipedia.org/wiki/Bill_Musgrave,"However, as an inexperienced coordinator, Musgrave had faltered at times, been criticized in the media for choices in play calling, and was at one point rumored to have been yelled at by Seifert in front of the team.  [subject: Bill Musgrave]",Bill Musgrave,unknown,biography
109,2017,,John Pagano,https://en.wikipedia.org/wiki/John_Pagano,"On November 21, 2017, following the termination of defensive coordinator Ken Norton Jr., Pagano was given defensive play-calling duties for the remainder of the season by head coach Jack Del Rio.  [subject: John Pagano]",John Pagano,defense,biography
110,,,Kris Richard,https://en.wikipedia.org/wiki/Kris_Richard,He was given the defensive play-calling duties from defensive coordinator Rod Marinelli.  [subject: Kris Richard],Kris Richard,defense,biography
111,2023,,Mike Sullivan (American football coach),https://en.wikipedia.org/wiki/Mike_Sullivan_(American_football_coach),"After the firing of offensive coordinator Matt Canada on November 21, 2023, Sullivan was designated as the team's primary play-caller for the remainder of the season, with running backs coach Eddie Faulkner taking over as interim offensive coordinator.  [subject: Mike Sullivan]",Mike Sullivan,offense,biography
112,2021,,Shane Bowen,https://en.wikipedia.org/wiki/Shane_Bowen,"However, Vrabel entrusted Bowen with the role of defensive play caller throughout most of the season while the latter served as outside linebackers coach. thumb|Bowen in 2021 On January 29, 2021, Bowen was promoted to defensive coordinator.  [subject: Shane Bowen]",Shane Bowen,defense,biography
113,,,Eric Washington (American football),https://en.wikipedia.org/wiki/Eric_Washington_(American_football),He began calling plays on defense for the Bears after head coach Matt Eberflus was fired on November 29.  [subject: Eric Washington],Eric Washington,defense,biography
114,2025,,Kacy Rodgers,https://en.wikipedia.org/wiki/Kacy_Rodgers,"As Bowles retained his defensive play calling and coaching duties, he did not hire an official defensive coordinator, leaving Rodgers as one of two top defensive assistant coaches for Tampa Bay, along with pass game coordinator Larry Foote. ===Detroit Lions=== On January 23, 2025, Rodgers was hired to serve as the defensive line coach for the Detroit Lions. ==References== ==External links== * [htt  [subject: Kacy Rodgers]",Kacy Rodgers,defense,biography
115,2022,,Klint Kubiak,https://en.wikipedia.org/wiki/Klint_Kubiak,"Following offensive struggles to start the 2022 season, Hackett relinquished play calling duties to Kubiak on November 20. ===San Francisco 49ers=== On March 23, 2023, Kubiak was hired by the San Francisco 49ers as their passing game coordinator. ===New Orleans Saints=== On February 14, 2024, the New Orleans Saints hired Kubiak to be their new offensive coordinator for the 2024 season, replacing l  [subject: Klint Kubiak]",Klint Kubiak,offense,biography
116,,,Matt Canada,https://en.wikipedia.org/wiki/Matt_Canada,"During his tenure with the Steelers, Canada was the source of scrutiny, largely due to his playcalling, as the Steelers offense was ranked near the bottom of the league.  [subject: Matt Canada]",Matt Canada,offense,biography
117,2022,,Press Taylor,https://en.wikipedia.org/wiki/Press_Taylor,Taylor split play calling duties in 2022.  [subject: Press Taylor],Press Taylor,unknown,biography
118,,,Press Taylor,https://en.wikipedia.org/wiki/Press_Taylor,"The Jaguars were 5th in the NFL in second half scoring under Taylor, leading Pederson to making him the full-time playcaller.  [subject: Press Taylor]",Press Taylor,unknown,biography
119,,,Todd Downing,https://en.wikipedia.org/wiki/Todd_Downing,"On October 10, Downing was handed over offensive play calling duties from Nathaniel Hackett.  [subject: Todd Downing]",Todd Downing,offense,biography
120,2025,,Todd Downing,https://en.wikipedia.org/wiki/Todd_Downing,"The decision was allegedly going to be made by Saleh, but he was fired minutes before withdrawing Hackett's play calling abilities. === New England Patriots === On February 3, 2025, Downing was hired by the New England Patriots as their wide receivers coach, reuniting him with new head coach Mike Vrabel. == Personal life == Downing grew up in Eden Prairie, Minnesota.  [subject: Todd Downing]",Todd Downing,unknown,biography
121,2015,,Tom Clements,https://en.wikipedia.org/wiki/Tom_Clements,"On February 12, 2015, Clements role was elevated to assistant head coach with respective play-calling responsibilities.  [subject: Tom Clements]",Tom Clements,unknown,biography
122,,,Tom Clements,https://en.wikipedia.org/wiki/Tom_Clements,"Clements was hired as the primary offensive assistant because no offensive coordinator on the staff was added, with Kingsbury calling plays and doing other coordinator-type duties.  [subject: Tom Clements]",Tom Clements,offense,biography
123,,,Billy Davis (American football coach),https://en.wikipedia.org/wiki/Billy_Davis_(American_football_coach),"While he did not take play-calling duties, several players performed well in his tenure.  [subject: Billy Davis]",Billy Davis,unknown,biography
124,2006,,Brad Childress,https://en.wikipedia.org/wiki/Brad_Childress,"While Childress did not call plays for the Eagles (this responsibility was taken by Andy Reid), he did receive credit for his work with quarterback Donovan McNabb, who was named to five Pro Bowls during his time with Childress. ===Minnesota Vikings (2006–2010)=== On January 6, 2006, Childress was hired to be the 7th head coach of the Minnesota Vikings.  [subject: Brad Childress]",Brad Childress,unknown,biography
125,2025,,Joe Whitt Jr.,https://en.wikipedia.org/wiki/Joe_Whitt_Jr.,"On November 10, 2025, Quinn announced that he took over defensive playcalling from Whitt.  [subject: Joe Whitt Jr.]",Joe Whitt Jr.,defense,biography
126,,,John Morton (American football),https://en.wikipedia.org/wiki/John_Morton_(American_football),"On November 16, Morton was relieved of his duties as offensive playcaller with head coach Dan Campbell assuming the role for the remainder of the season.  [subject: John Morton]",John Morton,offense,biography
127,2018,,Ken Zampese,https://en.wikipedia.org/wiki/Ken_Zampese,"After the 2018 season, during which Jackson was fired, he was not retained by new head coach Freddie Kitchens. ===Atlanta Legends=== In the 2019 AAF season, the Atlanta Legends were plagued by various offensive coaching resignations, including head coach Brad Childress and offensive coordinator Michael Vick before the season, and quarterbacks coach/play caller Richard Bartel after three games.  [subject: Ken Zampese]",Ken Zampese,offense,biography
128,2019,,Mark Helfrich (American football),https://en.wikipedia.org/wiki/Mark_Helfrich_(American_football),"Although Helfrich was not the play-caller, the Bears ended the 2019 season with the 29th-ranked offense and an 8–8 record.  [subject: Mark Helfrich]",Mark Helfrich,offense,biography
129,2017,,Mike Sherman,https://en.wikipedia.org/wiki/Mike_Sherman,"After compiling a 4–18 record over two seasons, Sherman resigned in May 2017. ===Your Call Football=== In November 2017, it was announced that Sherman had joined Your Call Football, a new platform in which fans call plays in real-time in real, live games.  [subject: Mike Sherman]",Mike Sherman,unknown,biography
130,2023,,Sean Desai,https://en.wikipedia.org/wiki/Sean_Desai,"Despite the Eagles being 10–3 on the season, head coach Nick Sirianni announced on December 17, 2023, that senior defensive assistant Matt Patricia would be taking over defensive play calling from Desai.  [subject: Sean Desai]",Sean Desai,defense,biography
131,2025,,Bo Hardegree,https://en.wikipedia.org/wiki/Bo_Hardegree,"On September 23, 2025, Callahan announced he was relinquishing offensive play calling duties to Hardegree. ===Buffalo Bills=== On February 3, 2026, Hardegree was hired by the Buffalo Bills as the team's quarterbacks coach under new head coach Joe Brady. ==Personal life== A native of Jackson, Tennessee, Hardegree is married to Lauren, a pediatric radiologist.  [subject: Bo Hardegree]",Bo Hardegree,offense,biography
132,2023,,Brian Johnson (American football coach),https://en.wikipedia.org/wiki/Brian_Johnson_(American_football_coach),"Despite leading the team to a top ten offense, Johnson's play calling was criticized throughout the 2023 season, with pundits and players calling his offense too simplistic and akin to a Madden offense with the way he repeatedly relied on screen passes and go routes instead of scheming players open.  [subject: Brian Johnson]",Brian Johnson,offense,biography
133,,,Declan Doyle,https://en.wikipedia.org/wiki/Declan_Doyle,"With Johnson being the play caller, Doyle's main responsibility as offensive coordinator was to help him develop a game plan and study film.  [subject: Declan Doyle]",Declan Doyle,offense,biography
134,2023,,Eddie Faulkner,https://en.wikipedia.org/wiki/Eddie_Faulkner,"After the firing of offensive coordinator Matt Canada on November 21, 2023, quarterbacks coach Mike Sullivan was designated as the team's primary play-caller for the remainder of the season, with Faulkner taking over as interim offensive coordinator. == References == == External links == * [https://www.steelers.com/team/coaches-roster/eddie-faulkner Pittsburgh Steelers bio] * [https://gopack.com/s  [subject: Eddie Faulkner]",Eddie Faulkner,offense,biography
135,2022,,Geep Chryst,https://en.wikipedia.org/wiki/Geep_Chryst,"In 2022, Chryst was named the offensive coordinator & play caller for the last two games of the year.  [subject: Geep Chryst]",Geep Chryst,offense,biography
136,2017,,Jeff Nixon (American football coach),https://en.wikipedia.org/wiki/Jeff_Nixon_(American_football_coach),"In 2017, Nixon became the co-offensive coordinator/play-caller and running backs coach for the Baylor Bears under Matt Rhule for the next three years.  [subject: Jeff Nixon]",Jeff Nixon,offense,biography
137,,,Jeff Tedford,https://en.wikipedia.org/wiki/Jeff_Tedford,"During the losing streak, Tedford's play-calling was the subject of criticism.  [subject: Jeff Tedford]",Jeff Tedford,unknown,biography
138,2005,,Jeremy Bates (American football),https://en.wikipedia.org/wiki/Jeremy_Bates_(American_football),"Bates called plays from the field while Morton worked from the coaches' booth in the press box, similar to a previous arrangement run by the Trojans during the 2005–2006 seasons between Sarkisian and Lane Kiffin, respectively. ===Seattle Seahawks=== On January 12, 2010, former USC Trojans' head coach Pete Carroll was introduced as the head coach and executive vice-president of the Seattle Seahawks  [subject: Jeremy Bates]",Jeremy Bates,unknown,biography
139,,,Kevin Patullo,https://en.wikipedia.org/wiki/Kevin_Patullo,"Patullo's play calling was criticized throughout the season, with pundits and players calling Patullo's offense uninspiring and very predictable with his high usage rate of hitch routes and inside zone, lack of motion and reluctance of using mesh routes to scheme players open.  [subject: Kevin Patullo]",Kevin Patullo,offense,biography
140,2025,,Klay Kubiak,https://en.wikipedia.org/wiki/Klay_Kubiak,"He was promoted to offensive coordinator on January 8, 2025, with play calling handled by head coach Kyle Shanahan. ==Personal life== Kubiak is married to his wife, Marissa.  [subject: Klay Kubiak]",Klay Kubiak,offense,biography
141,2022,,Parks Frazier,https://en.wikipedia.org/wiki/Parks_Frazier,"In 2022, he became the offensive play caller for the Colts after Jeff Saturday was hired as the interim head coach following Reich's firing. ===Carolina Panthers=== On February 15, 2023, Frazier was hired by the Carolina Panthers to serve as the team's passing game coordinator. ===Miami Dolphins=== Frazier joined the Miami Dolphins as an offensive assistant for the 2024 season. ===Philadelphia Eag  [subject: Parks Frazier]",Parks Frazier,offense,biography
142,2018,,Scott Milanovich,https://en.wikipedia.org/wiki/Scott_Milanovich,"In November 2018, with the Jaguars offense struggling, offensive coordinator Nathaniel Hackett was fired and Milanovich assumed play-calling duties.  [subject: Scott Milanovich]",Scott Milanovich,offense,biography
143,2023,,Scott Milanovich,https://en.wikipedia.org/wiki/Scott_Milanovich,"After the team's offensive coordinator, Tommy Condell, was fired, Milanovich assumed play calling duties on August 7, 2023.  [subject: Scott Milanovich]",Scott Milanovich,offense,biography
144,,,Terrell Williams,https://en.wikipedia.org/wiki/Terrell_Williams,"On September 10, Vrabel announced that Williams would be stepping away from the team due to health reasons unrelated to the August incident, and that inside linebackers coach Zak Kuhr would take over defensive play calling duties for the week.  [subject: Terrell Williams]",Terrell Williams,defense,biography
145,,,Terrell Williams,https://en.wikipedia.org/wiki/Terrell_Williams,"On September 26, Vrabel announced that Williams had been diagnosed with prostate cancer and that Kuhr would continue as defensive play caller while Williams undergoes treatment.  [subject: Terrell Williams]",Terrell Williams,defense,biography
146,,,Terrell Williams,https://en.wikipedia.org/wiki/Terrell_Williams,"Williams returned to the team during the second half of the season, but Kuhr continued calling plays.  [subject: Terrell Williams]",Terrell Williams,unknown,biography
147,2026,,Tommy Rees (American football),https://en.wikipedia.org/wiki/Tommy_Rees_(American_football),"On November 3, Stefanski announced that Rees would assume play-calling duties beginning in the team's Week 10 game against the New York Jets. ===Atlanta Falcons=== On January 22, 2026, Rees was hired by the Atlanta Falcons as their offensive coordinator, reuniting with Stefanski, who the Falcons hired as their new head coach earlier that month. ==Personal life== Rees' father, Bill, works for the U  [subject: Tommy Rees]",Tommy Rees,offense,biography
