season,franchise,role,source,team_season_page_person,source_person
2000,LAR,OC,biography,Bobby Jackson,Mike Martz
2001,LAR,OC,biography,Bobby Jackson,Mike Martz
2001,OAK,OC,biography,Bill Callahan,Marc Trestman
2004,WSH,DC,biography,Greg Blache,Gregg Williams
2005,DET,OC,biography,Ted Tollner,Greg Olson
2006,HOU,OC,biography,Troy Calhoun,Joe Pendry
2006,SEA,DC,biography,John Marshall,Ray Rhodes
2007,SEA,DC,biography,John Marshall,Ray Rhodes
2009,IND,OC,biography,Tom Moore,Clyde Christensen
2009,WSH,OC,biography,Sherman Lewis,Sherman Smith
2017,DEN,OC,biography,Mike McCoy,Bill Musgrave
2018,ARI,OC,biography,Mike McCoy,Byron Leftwich
2021,JAX,OC,biography,Brian Schottenheimer,Darrell Bevell
2024,NYJ,DC,biography,Marquand Manuel,Jeff Ulbrich
2025,NYJ,DC,biography,Chris Harris,Steve Wilks
