season,franchise,role,person,source,source_url,agreement,note
1999,NYG,DC,John Fox,biography,https://en.wikipedia.org/wiki/John_Fox_(American_football),biography_only,
2000,CIN,DC,Dick LeBeau,biography,https://en.wikipedia.org/wiki/Dick_LeBeau,biography_only,
2000,DAL,DC,Mike Zimmer,biography,https://en.wikipedia.org/wiki/Mike_Zimmer,biography_only,
2000,DET,DC,Larry Peccatiello,biography,https://en.wikipedia.org/wiki/Larry_Peccatiello,biography_only,
2000,DET,OC,Sylvester Croom,biography,https://en.wikipedia.org/wiki/Sylvester_Croom,biography_only,
2000,SEA,OC,Gil Haskell,biography,https://en.wikipedia.org/wiki/Gil_Haskell,biography_only,
2001,CIN,DC,Mark Duffner,biography,https://en.wikipedia.org/wiki/Mark_Duffner,biography_only,
2001,CIN,OC,Bob Bratkowski,biography,https://en.wikipedia.org/wiki/Bob_Bratkowski,biography_only,
2001,DAL,DC,Mike Zimmer,biography,https://en.wikipedia.org/wiki/Mike_Zimmer,biography_only,
2001,NYG,DC,John Fox,biography,https://en.wikipedia.org/wiki/John_Fox_(American_football),biography_only,
2001,NYG,OC,Sean Payton,biography,https://en.wikipedia.org/wiki/Sean_Payton,biography_only,
2002,ATL,DC,Wade Phillips,biography,https://en.wikipedia.org/wiki/Wade_Phillips,biography_only,
2002,BUF,DC,Jerry Gray,biography,https://en.wikipedia.org/wiki/Jerry_Gray,biography_only,
2002,BUF,OC,Kevin Gilbride,biography,https://en.wikipedia.org/wiki/Kevin_Gilbride,biography_only,
2002,CIN,DC,Mark Duffner,biography,https://en.wikipedia.org/wiki/Mark_Duffner,biography_only,
2002,CIN,OC,Bob Bratkowski,biography,https://en.wikipedia.org/wiki/Bob_Bratkowski,biography_only,
2002,CLE,OC,Bruce Arians,biography,https://en.wikipedia.org/wiki/Bruce_Arians,biography_only,
2002,LAR,DC,Lovie Smith,biography,https://en.wikipedia.org/wiki/Lovie_Smith,biography_only,
2002,LAR,OC,Mike Martz,biography,https://en.wikipedia.org/wiki/Mike_Martz,biography_only,
2002,SEA,OC,Gil Haskell,biography,https://en.wikipedia.org/wiki/Gil_Haskell,biography_only,
2002,TEN,DC,Jim Schwartz,biography,https://en.wikipedia.org/wiki/Jim_Schwartz,biography_only,
2002,TEN,OC,Mike Heimerdinger,biography,https://en.wikipedia.org/wiki/Mike_Heimerdinger,biography_only,
2002,WSH,DC,George Edwards,biography,https://en.wikipedia.org/wiki/George_Edwards_(American_football),sources_disagree,disagreement: 2 candidates for this season
2002,WSH,DC,Marvin Lewis,biography,https://en.wikipedia.org/wiki/Marvin_Lewis,sources_disagree,disagreement: 2 candidates for this season
2003,ATL,DC,Wade Phillips,biography,https://en.wikipedia.org/wiki/Wade_Phillips,biography_only,
2003,BUF,DC,Jerry Gray,biography,https://en.wikipedia.org/wiki/Jerry_Gray,biography_only,
2003,BUF,OC,Kevin Gilbride,biography,https://en.wikipedia.org/wiki/Kevin_Gilbride,biography_only,
2003,CAR,DC,Mike Trgovac,biography,https://en.wikipedia.org/wiki/Mike_Trgovac,biography_only,
2003,CIN,DC,Leslie Frazier,biography,https://en.wikipedia.org/wiki/Leslie_Frazier,biography_only,
2003,CIN,OC,Bob Bratkowski,biography,https://en.wikipedia.org/wiki/Bob_Bratkowski,biography_only,
2003,CLE,OC,Bruce Arians,biography,https://en.wikipedia.org/wiki/Bruce_Arians,biography_only,
2003,DAL,DC,Mike Zimmer,biography,https://en.wikipedia.org/wiki/Mike_Zimmer,biography_only,
2003,DAL,OC,Maurice Carthon,biography,https://en.wikipedia.org/wiki/Maurice_Carthon,biography_only,
2003,LAR,DC,Lovie Smith,biography,https://en.wikipedia.org/wiki/Lovie_Smith,biography_only,
2003,LAR,OC,Mike Martz,biography,https://en.wikipedia.org/wiki/Mike_Martz,biography_only,
2003,NE,DC,Romeo Crennel,biography,https://en.wikipedia.org/wiki/Romeo_Crennel,biography_only,
2003,OAK,OC,Marc Trestman,biography,https://en.wikipedia.org/wiki/Marc_Trestman,biography_only,
2003,PIT,DC,Tim Lewis,biography,https://en.wikipedia.org/wiki/Tim_Lewis,biography_only,
2003,PIT,OC,Mike Mularkey,biography,https://en.wikipedia.org/wiki/Mike_Mularkey,biography_only,
2003,SEA,DC,Ray Rhodes,biography,https://en.wikipedia.org/wiki/Ray_Rhodes,biography_only,
2003,SEA,OC,Gil Haskell,biography,https://en.wikipedia.org/wiki/Gil_Haskell,biography_only,
2003,WSH,DC,George Edwards,biography,https://en.wikipedia.org/wiki/George_Edwards_(American_football),biography_only,
2003,WSH,OC,Hue Jackson,biography,https://en.wikipedia.org/wiki/Hue_Jackson,biography_only,
2004,ARI,OC,Alex Wood,biography,https://en.wikipedia.org/wiki/Alex_Wood_(American_football),biography_only,
2004,BUF,DC,Jerry Gray,biography,https://en.wikipedia.org/wiki/Jerry_Gray,biography_only,
2004,BUF,OC,Tom Clements,biography,https://en.wikipedia.org/wiki/Tom_Clements,biography_only,
2004,CAR,DC,Mike Trgovac,biography,https://en.wikipedia.org/wiki/Mike_Trgovac,biography_only,
2004,CIN,DC,Leslie Frazier,biography,https://en.wikipedia.org/wiki/Leslie_Frazier,biography_only,
2004,CIN,OC,Bob Bratkowski,biography,https://en.wikipedia.org/wiki/Bob_Bratkowski,biography_only,
2004,CLE,OC,Terry Robiskie,biography,https://en.wikipedia.org/wiki/Terry_Robiskie,biography_only,interim
2004,DAL,DC,Mike Zimmer,biography,https://en.wikipedia.org/wiki/Mike_Zimmer,biography_only,
2004,DAL,OC,Maurice Carthon,biography,https://en.wikipedia.org/wiki/Maurice_Carthon,biography_only,
2004,LAR,DC,Larry Marmie,biography,https://en.wikipedia.org/wiki/Larry_Marmie,biography_only,
2004,LAR,OC,Mike Martz,biography,https://en.wikipedia.org/wiki/Mike_Martz,biography_only,
2004,NE,DC,Romeo Crennel,biography,https://en.wikipedia.org/wiki/Romeo_Crennel,biography_only,
2004,NYG,DC,Tim Lewis,biography,https://en.wikipedia.org/wiki/Tim_Lewis,biography_only,
2004,NYG,OC,John Hufnagel,biography,https://en.wikipedia.org/wiki/John_Hufnagel,biography_only,
2004,OAK,DC,Rob Ryan,biography,https://en.wikipedia.org/wiki/Rob_Ryan,biography_only,
2004,OAK,OC,Jimmy Raye II,biography,https://en.wikipedia.org/wiki/Jimmy_Raye_II,biography_only,
2004,SEA,DC,Ray Rhodes,biography,https://en.wikipedia.org/wiki/Ray_Rhodes,biography_only,
2004,SEA,OC,Gil Haskell,biography,https://en.wikipedia.org/wiki/Gil_Haskell,biography_only,
2005,CAR,DC,Mike Trgovac,biography,https://en.wikipedia.org/wiki/Mike_Trgovac,biography_only,
2005,CIN,OC,Bob Bratkowski,biography,https://en.wikipedia.org/wiki/Bob_Bratkowski,biography_only,
2005,CLE,OC,Maurice Carthon,biography,https://en.wikipedia.org/wiki/Maurice_Carthon,biography_only,
2005,DAL,DC,Mike Zimmer,biography,https://en.wikipedia.org/wiki/Mike_Zimmer,biography_only,
2005,DET,DC,Dick Jauron,biography,https://en.wikipedia.org/wiki/Dick_Jauron,biography_only,
2005,LAR,DC,Larry Marmie,biography,https://en.wikipedia.org/wiki/Larry_Marmie,biography_only,
2005,LAR,OC,Mike Martz,biography,https://en.wikipedia.org/wiki/Mike_Martz,biography_only,
2005,NE,DC,Eric Mangini,biography,https://en.wikipedia.org/wiki/Eric_Mangini,biography_only,
2005,NYG,DC,Tim Lewis,biography,https://en.wikipedia.org/wiki/Tim_Lewis,biography_only,
2005,NYG,OC,John Hufnagel,biography,https://en.wikipedia.org/wiki/John_Hufnagel,biography_only,
2005,OAK,DC,Rob Ryan,biography,https://en.wikipedia.org/wiki/Rob_Ryan,biography_only,
2005,OAK,OC,Jimmy Raye II,biography,https://en.wikipedia.org/wiki/Jimmy_Raye_II,biography_only,
2005,SEA,DC,Ray Rhodes,biography,https://en.wikipedia.org/wiki/Ray_Rhodes,biography_only,
2005,SEA,OC,Gil Haskell,biography,https://en.wikipedia.org/wiki/Gil_Haskell,biography_only,
2005,WSH,DC,Gregg Williams,biography,https://en.wikipedia.org/wiki/Gregg_Williams,biography_only,
2006,ARI,OC,Keith Rowen,biography,https://en.wikipedia.org/wiki/Keith_Rowen,sources_disagree,disagreement: 2 candidates for this season
2006,ARI,OC,Mike Kruczek,biography,https://en.wikipedia.org/wiki/Mike_Kruczek,sources_disagree,disagreement: 2 candidates for this season
2006,CLE,OC,Jeff Davidson,biography,https://en.wikipedia.org/wiki/Jeff_Davidson,sources_disagree,disagreement: 2 candidates for this season
2006,CLE,OC,Maurice Carthon,biography,https://en.wikipedia.org/wiki/Maurice_Carthon,sources_disagree,disagreement: 2 candidates for this season
2006,LAR,DC,Jim Haslett,biography,https://en.wikipedia.org/wiki/Jim_Haslett,biography_only,
2006,LAR,OC,Greg Olson,biography,https://en.wikipedia.org/wiki/Greg_Olson_(American_football),biography_only,
2006,OAK,DC,Rob Ryan,biography,https://en.wikipedia.org/wiki/Rob_Ryan,biography_only,
2006,OAK,OC,John Shoop,biography,https://en.wikipedia.org/wiki/John_Shoop,biography_only,
2007,ARI,OC,Todd Haley,biography,https://en.wikipedia.org/wiki/Todd_Haley,biography_only,
2007,CLE,OC,Rob Chudzinski,biography,https://en.wikipedia.org/wiki/Rob_Chudzinski,biography_only,
2007,DET,DC,Joe Barry,biography,https://en.wikipedia.org/wiki/Joe_Barry,biography_only,
2007,DET,OC,Mike Martz,biography,https://en.wikipedia.org/wiki/Mike_Martz,biography_only,
2007,LAR,DC,Jim Haslett,biography,https://en.wikipedia.org/wiki/Jim_Haslett,biography_only,
2007,LAR,OC,Greg Olson,biography,https://en.wikipedia.org/wiki/Greg_Olson_(American_football),biography_only,
2007,MIA,DC,Dom Capers,biography,https://en.wikipedia.org/wiki/Dom_Capers,biography_only,
2007,OAK,DC,Rob Ryan,biography,https://en.wikipedia.org/wiki/Rob_Ryan,biography_only,
2007,OAK,OC,Greg Knapp,biography,https://en.wikipedia.org/wiki/Greg_Knapp,biography_only,
2008,CIN,DC,Mike Zimmer,biography,https://en.wikipedia.org/wiki/Mike_Zimmer,biography_only,
2008,CIN,OC,Bob Bratkowski,biography,https://en.wikipedia.org/wiki/Bob_Bratkowski,biography_only,
2008,CLE,OC,Rob Chudzinski,biography,https://en.wikipedia.org/wiki/Rob_Chudzinski,biography_only,
2008,DAL,DC,Brian Stewart,biography,https://en.wikipedia.org/wiki/Brian_Stewart_(American_football),biography_only,
2008,DAL,OC,Jason Garrett,biography,https://en.wikipedia.org/wiki/Jason_Garrett,biography_only,
2008,GB,OC,Joe Philbin,biography,https://en.wikipedia.org/wiki/Joe_Philbin,biography_only,
2008,LAR,DC,Jim Haslett,biography,https://en.wikipedia.org/wiki/Jim_Haslett,biography_only,
2008,LAR,OC,Al Saunders,biography,https://en.wikipedia.org/wiki/Al_Saunders,biography_only,
2008,NE,DC,Dean Pees,biography,https://en.wikipedia.org/wiki/Dean_Pees,biography_only,
2008,NE,OC,Josh McDaniels,biography,https://en.wikipedia.org/wiki/Josh_McDaniels,biography_only,
2008,OAK,DC,Rob Ryan,biography,https://en.wikipedia.org/wiki/Rob_Ryan,biography_only,
2008,OAK,OC,Greg Knapp,biography,https://en.wikipedia.org/wiki/Greg_Knapp,biography_only,
2008,SEA,OC,Gil Haskell,biography,https://en.wikipedia.org/wiki/Gil_Haskell,biography_only,
2009,BUF,DC,Perry Fewell,biography,https://en.wikipedia.org/wiki/Perry_Fewell,biography_only,
2009,BUF,OC,Alex Van Pelt,biography,https://en.wikipedia.org/wiki/Alex_Van_Pelt,biography_only,
2009,CAR,OC,Jeff Davidson,biography,https://en.wikipedia.org/wiki/Jeff_Davidson,biography_only,
2009,CHI,DC,Bob Babich,biography,https://en.wikipedia.org/wiki/Bob_Babich_(American_football_coach),biography_only,
2009,CHI,OC,Ron Turner,biography,https://en.wikipedia.org/wiki/Ron_Turner_(American_football),biography_only,
2009,DET,DC,Gunther Cunningham,biography,https://en.wikipedia.org/wiki/Gunther_Cunningham,biography_only,
2009,DET,OC,Scott Linehan,biography,https://en.wikipedia.org/wiki/Scott_Linehan,biography_only,
2009,LAR,OC,Pat Shurmur,biography,https://en.wikipedia.org/wiki/Pat_Shurmur,biography_only,
2009,MIA,DC,Paul Pasqualoni,biography,https://en.wikipedia.org/wiki/Paul_Pasqualoni,biography_only,
2009,NYG,DC,Bill Sheridan,biography,https://en.wikipedia.org/wiki/Bill_Sheridan,biography_only,
2009,NYG,OC,Kevin Gilbride,biography,https://en.wikipedia.org/wiki/Kevin_Gilbride,biography_only,
2009,SEA,DC,Gus Bradley,biography,https://en.wikipedia.org/wiki/Gus_Bradley,biography_only,
2009,SEA,OC,Greg Knapp,biography,https://en.wikipedia.org/wiki/Greg_Knapp,biography_only,
2009,TEN,OC,Mike Heimerdinger,biography,https://en.wikipedia.org/wiki/Mike_Heimerdinger,biography_only,
2010,BUF,DC,George Edwards,biography,https://en.wikipedia.org/wiki/George_Edwards_(American_football),biography_only,
2010,BUF,OC,Curtis Modkins,biography,https://en.wikipedia.org/wiki/Curtis_Modkins,biography_only,
2010,CAR,OC,Jeff Davidson,biography,https://en.wikipedia.org/wiki/Jeff_Davidson,biography_only,
2010,CIN,DC,Mike Zimmer,biography,https://en.wikipedia.org/wiki/Mike_Zimmer,biography_only,
2010,CIN,OC,Bob Bratkowski,biography,https://en.wikipedia.org/wiki/Bob_Bratkowski,biography_only,
2010,DAL,OC,Jason Garrett,biography,https://en.wikipedia.org/wiki/Jason_Garrett,biography_only,
2010,DET,DC,Gunther Cunningham,biography,https://en.wikipedia.org/wiki/Gunther_Cunningham,biography_only,
2010,DET,OC,Scott Linehan,biography,https://en.wikipedia.org/wiki/Scott_Linehan,biography_only,
2010,LAC,DC,Ron Rivera,biography,https://en.wikipedia.org/wiki/Ron_Rivera,biography_only,
2010,LAR,OC,Pat Shurmur,biography,https://en.wikipedia.org/wiki/Pat_Shurmur,biography_only,
2010,MIA,DC,Mike Nolan,biography,https://en.wikipedia.org/wiki/Mike_Nolan,biography_only,
2010,MIN,DC,Leslie Frazier,biography,https://en.wikipedia.org/wiki/Leslie_Frazier,biography_only,
2010,NYG,DC,Perry Fewell,biography,https://en.wikipedia.org/wiki/Perry_Fewell,biography_only,
2010,NYG,OC,Kevin Gilbride,biography,https://en.wikipedia.org/wiki/Kevin_Gilbride,biography_only,
2010,OAK,OC,Hue Jackson,biography,https://en.wikipedia.org/wiki/Hue_Jackson,biography_only,
2010,TB,OC,Greg Olson,biography,https://en.wikipedia.org/wiki/Greg_Olson_(American_football),biography_only,
2010,TEN,OC,Mike Heimerdinger,biography,https://en.wikipedia.org/wiki/Mike_Heimerdinger,biography_only,
2011,ARI,DC,Ray Horton,biography,https://en.wikipedia.org/wiki/Ray_Horton,biography_only,
2011,BUF,DC,George Edwards,biography,https://en.wikipedia.org/wiki/George_Edwards_(American_football),biography_only,
2011,BUF,OC,Curtis Modkins,biography,https://en.wikipedia.org/wiki/Curtis_Modkins,biography_only,
2011,CAR,DC,Sean McDermott,biography,https://en.wikipedia.org/wiki/Sean_McDermott,biography_only,
2011,CAR,OC,Rob Chudzinski,biography,https://en.wikipedia.org/wiki/Rob_Chudzinski,biography_only,
2011,CHI,DC,Rod Marinelli,biography,https://en.wikipedia.org/wiki/Rod_Marinelli,biography_only,
2011,CHI,OC,Mike Martz,biography,https://en.wikipedia.org/wiki/Mike_Martz,biography_only,
2011,IND,OC,Clyde Christensen,biography,https://en.wikipedia.org/wiki/Clyde_Christensen,biography_only,
2011,LAC,DC,Greg Manusky,biography,https://en.wikipedia.org/wiki/Greg_Manusky,biography_only,
2011,LAR,OC,Josh McDaniels,biography,https://en.wikipedia.org/wiki/Josh_McDaniels,biography_only,
2011,MIA,DC,Mike Nolan,biography,https://en.wikipedia.org/wiki/Mike_Nolan,biography_only,
2011,MIA,OC,Brian Daboll,biography,https://en.wikipedia.org/wiki/Brian_Daboll,biography_only,
2011,MIN,OC,Bill Musgrave,biography,https://en.wikipedia.org/wiki/Bill_Musgrave,biography_only,
2011,NYG,DC,Perry Fewell,biography,https://en.wikipedia.org/wiki/Perry_Fewell,biography_only,
2011,NYG,OC,Kevin Gilbride,biography,https://en.wikipedia.org/wiki/Kevin_Gilbride,biography_only,
2011,NYJ,DC,Mike Pettine,biography,https://en.wikipedia.org/wiki/Mike_Pettine,biography_only,
2011,NYJ,OC,Brian Schottenheimer,biography,https://en.wikipedia.org/wiki/Brian_Schottenheimer,biography_only,
2011,OAK,OC,Al Saunders,biography,https://en.wikipedia.org/wiki/Al_Saunders,biography_only,
2011,PHI,DC,Juan Castillo,biography,https://en.wikipedia.org/wiki/Juan_Castillo_(American_football),biography_only,
2011,PHI,OC,Marty Mornhinweg,biography,https://en.wikipedia.org/wiki/Marty_Mornhinweg,biography_only,
2011,SEA,DC,Gus Bradley,biography,https://en.wikipedia.org/wiki/Gus_Bradley,biography_only,
2011,SEA,OC,Darrell Bevell,biography,https://en.wikipedia.org/wiki/Darrell_Bevell,biography_only,
2011,TB,OC,Greg Olson,biography,https://en.wikipedia.org/wiki/Greg_Olson_(American_football),biography_only,
2011,TEN,DC,Jerry Gray,biography,https://en.wikipedia.org/wiki/Jerry_Gray,biography_only,
2015,NYJ,DC,Kacy Rodgers,biography,https://en.wikipedia.org/wiki/Kacy_Rodgers,biography_only,
2015,NYJ,OC,Chan Gailey,biography,https://en.wikipedia.org/wiki/Chan_Gailey,biography_only,
2015,PHI,OC,Pat Shurmur,biography,https://en.wikipedia.org/wiki/Pat_Shurmur,biography_only,
2016,BUF,OC,Anthony Lynn,biography,https://en.wikipedia.org/wiki/Anthony_Lynn,sources_disagree,interim; disagreement: 2 candidates for this season
2016,BUF,OC,Greg Roman,biography,https://en.wikipedia.org/wiki/Greg_Roman,sources_disagree,disagreement: 2 candidates for this season
2016,MIN,OC,Norv Turner,biography,https://en.wikipedia.org/wiki/Norv_Turner,sources_disagree,disagreement: 2 candidates for this season
2016,MIN,OC,Pat Shurmur,biography,https://en.wikipedia.org/wiki/Pat_Shurmur,sources_disagree,interim; disagreement: 2 candidates for this season
2017,NYG,DC,Steve Spagnuolo,biography,https://en.wikipedia.org/wiki/Steve_Spagnuolo,biography_only,
2018,CIN,DC,Teryl Austin,biography,https://en.wikipedia.org/wiki/Teryl_Austin,biography_only,
2018,GB,OC,Joe Philbin,biography,https://en.wikipedia.org/wiki/Joe_Philbin,biography_only,
2020,DET,OC,Darrell Bevell,biography,https://en.wikipedia.org/wiki/Darrell_Bevell,biography_only,
2021,MIA,OC,Eric Studesville,biography,https://en.wikipedia.org/wiki/Eric_Studesville,biography_only,co-role
