season,franchise,role
1999,CLE,OC
1999,DAL,OC
1999,JAX,OC
1999,MIA,DC
1999,MIA,OC
1999,NE,DC
1999,NE,OC
1999,NYG,DC
1999,NYG,OC
2000,CIN,DC
2000,CIN,OC
2000,DAL,DC
2000,DAL,OC
2000,DET,DC
2000,DET,OC
2000,JAX,OC
2000,NE,DC
2000,NE,OC
2000,SEA,DC
2000,SEA,OC
2000,WSH,OC
2001,CIN,DC
2001,CIN,OC
2001,DAL,DC
2001,DAL,OC
2001,NYG,DC
2001,NYG,OC
2002,ATL,DC
2002,ATL,OC
2002,BUF,DC
2002,BUF,OC
2002,CIN,DC
2002,CIN,OC
2002,CLE,DC
2002,CLE,OC
2002,JAX,OC
2002,LAR,DC
2002,LAR,OC
2002,SEA,DC
2002,SEA,OC
2002,TEN,DC
2002,TEN,OC
2002,WSH,DC
2002,WSH,OC
2003,ATL,DC
2003,ATL,OC
2003,BUF,DC
2003,BUF,OC
2003,CAR,DC
2003,CAR,OC
2003,CIN,DC
2003,CIN,OC
2003,CLE,DC
2003,CLE,OC
2003,DAL,DC
2003,DAL,OC
2003,IND,DC
2003,IND,OC
2003,LAR,DC
2003,LAR,OC
2003,NE,DC
2003,NE,OC
2003,NYG,DC
2003,NYG,OC
2003,OAK,DC
2003,OAK,OC
2003,PIT,DC
2003,PIT,OC
2003,SEA,DC
2003,SEA,OC
2003,WSH,DC
2003,WSH,OC
2004,ARI,DC
2004,ARI,OC
2004,BUF,DC
2004,BUF,OC
2004,CAR,DC
2004,CAR,OC
2004,CIN,DC
2004,CIN,OC
2004,CLE,DC
2004,CLE,OC
2004,DAL,DC
2004,DAL,OC
2004,IND,DC
2004,IND,OC
2004,LAR,DC
2004,LAR,OC
2004,NE,DC
2004,NE,OC
2004,NYG,DC
2004,NYG,OC
2004,OAK,DC
2004,OAK,OC
2004,SEA,DC
2004,SEA,OC
2004,SF,DC
2004,SF,OC
2005,CAR,DC
2005,CAR,OC
2005,CIN,DC
2005,CIN,OC
2005,CLE,DC
2005,CLE,OC
2005,DAL,DC
2005,DAL,OC
2005,DET,DC
2005,IND,DC
2005,IND,OC
2005,LAR,DC
2005,LAR,OC
2005,NE,DC
2005,NE,OC
2005,NYG,DC
2005,NYG,OC
2005,OAK,DC
2005,OAK,OC
2005,SEA,DC
2005,SEA,OC
2005,WSH,DC
2005,WSH,OC
2006,ARI,DC
2006,ARI,OC
2006,CLE,DC
2006,CLE,OC
2006,DAL,OC
2006,LAR,DC
2006,LAR,OC
2006,OAK,DC
2006,OAK,OC
2007,ARI,DC
2007,ARI,OC
2007,CLE,DC
2007,CLE,OC
2007,DET,DC
2007,DET,OC
2007,LAR,DC
2007,LAR,OC
2007,MIA,DC
2007,MIA,OC
2007,OAK,DC
2007,OAK,OC
2008,CIN,DC
2008,CIN,OC
2008,CLE,DC
2008,CLE,OC
2008,DAL,DC
2008,DAL,OC
2008,GB,DC
2008,GB,OC
2008,LAR,DC
2008,LAR,OC
2008,NE,DC
2008,NE,OC
2008,OAK,DC
2008,OAK,OC
2008,SEA,DC
2008,SEA,OC
2009,ARI,OC
2009,BUF,DC
2009,BUF,OC
2009,CAR,DC
2009,CAR,OC
2009,CHI,DC
2009,CHI,OC
2009,DAL,DC
2009,DET,DC
2009,DET,OC
2009,KC,DC
2009,KC,OC
2009,LAR,DC
2009,LAR,OC
2009,MIA,DC
2009,MIA,OC
2009,NE,OC
2009,NYG,DC
2009,NYG,OC
2009,OAK,DC
2009,OAK,OC
2009,SEA,DC
2009,SEA,OC
2009,TEN,DC
2009,TEN,OC
2010,ARI,DC
2010,ARI,OC
2010,BUF,DC
2010,BUF,OC
2010,CAR,DC
2010,CAR,OC
2010,CIN,DC
2010,CIN,OC
2010,DAL,OC
2010,DET,DC
2010,DET,OC
2010,LAC,DC
2010,LAC,OC
2010,LAR,DC
2010,LAR,OC
2010,MIA,DC
2010,MIA,OC
2010,MIN,DC
2010,NE,DC
2010,NE,OC
2010,NYG,DC
2010,NYG,OC
2010,OAK,DC
2010,OAK,OC
2010,TB,DC
2010,TB,OC
2010,TEN,DC
2010,TEN,OC
2011,ARI,DC
2011,ARI,OC
2011,BUF,DC
2011,BUF,OC
2011,CAR,DC
2011,CAR,OC
2011,CHI,DC
2011,CHI,OC
2011,CLE,OC
2011,DAL,OC
2011,IND,DC
2011,IND,OC
2011,LAC,DC
2011,LAC,OC
2011,LAR,DC
2011,LAR,OC
2011,MIA,DC
2011,MIA,OC
2011,MIN,DC
2011,MIN,OC
2011,NE,DC
2011,NYG,DC
2011,NYG,OC
2011,NYJ,DC
2011,NYJ,OC
2011,OAK,DC
2011,OAK,OC
2011,PHI,DC
2011,PHI,OC
2011,SEA,DC
2011,SEA,OC
2011,TB,DC
2011,TB,OC
2011,TEN,DC
2011,TEN,OC
2012,KC,DC
2014,HOU,OC
2015,NYJ,DC
2015,NYJ,OC
2015,PHI,OC
2016,BUF,OC
2016,CLE,OC
2016,MIN,OC
2017,CLE,OC
2017,HOU,OC
2017,NYG,DC
2018,CIN,DC
2018,GB,OC
2018,HOU,OC
2018,NE,DC
2019,ARI,OC
2019,ATL,DC
2020,ARI,OC
2020,DET,OC
2020,MIN,DC
2020,NE,DC
2020,PHI,OC
2020,TEN,DC
2021,ARI,OC
2021,MIA,OC
2021,MIN,DC
2021,NE,DC
2022,ARI,OC
2022,HOU,DC
2022,NE,DC
2022,NE,OC
2022,TB,DC
2023,BUF,DC
2023,NE,DC
2023,TB,DC
2024,TB,DC
2025,TB,DC
