season,franchise,wiki_title,wiki_url,head_coach,offensive_coordinator,defensive_coordinator,n_hc,n_oc,n_dc,source_field,raw_note
2022,ARI,2022 Arizona Cardinals season,https://en.wikipedia.org/wiki/2022_Arizona_Cardinals_season,Kliff Kingsbury,,Vance Joseph,1,0,1,both,head_coach infobox raw: [[Kliff Kingsbury]] || head_coach staff raw: [[Kliff Kingsbury]] || defensive_coordinator staff raw: [[Vance Joseph]]
2022,ATL,2022 Atlanta Falcons season,https://en.wikipedia.org/wiki/2022_Atlanta_Falcons_season,Arthur Smith,Dave Ragone,Dean Pees,1,1,1,both,"head_coach infobox raw: [[Arthur Smith (American football, born 1982)|Arthur Smith]] || head_coach staff raw: [[Arthur Smith (American football, born 1982)|Arthur Smith]] || offensive_coordinator staff raw: [[Dave Ragone]] || defensive_coordinator staff raw: [[Dean Pees]]"
2022,BAL,2022 Baltimore Ravens season,https://en.wikipedia.org/wiki/2022_Baltimore_Ravens_season,John Harbaugh,Greg Roman,Mike Macdonald,1,1,1,both,head_coach infobox raw: [[John Harbaugh]] || head_coach staff raw: [[John Harbaugh]] || offensive_coordinator infobox raw: [[Greg Roman]] || offensive_coordinator staff raw: [[Greg Roman]] || defensive_coordinator infobox raw: [[Mike Macdonald]] || defensive_coordinator staff raw: [[Mike Macdonald]]
2022,BUF,2022 Buffalo Bills season,https://en.wikipedia.org/wiki/2022_Buffalo_Bills_season,Sean McDermott,Ken Dorsey,Leslie Frazier,1,1,1,both,head_coach infobox raw: [[Sean McDermott]] || head_coach staff raw: [[Sean McDermott]] || offensive_coordinator infobox raw: [[Ken Dorsey]] || offensive_coordinator staff raw: [[Ken Dorsey]] || defensive_coordinator infobox raw: [[Leslie Frazier]] || defensive_coordinator staff raw: [[Leslie Frazier]]
2022,CAR,2022 Carolina Panthers season,https://en.wikipedia.org/wiki/2022_Carolina_Panthers_season,Matt Rhule | Steve Wilks,Ben McAdoo,Al Holcomb,2,1,1,both,"head_coach: infobox=['Matt Rhule', 'Steve Wilks'] staff_section=['Steve Wilks'] DISAGREE || head_coach infobox raw: [[Matt Rhule]] (fired October 10; 1–4 record)<br>[[Steve Wilks]] (interim; 6–6 record) || head_coach staff raw: [[Steve Wilks]] || offensive_coordinator staff raw: [[Ben McAdoo]] || defensive_coordinator staff raw: [[Al Holcomb]]"
2022,CHI,2022 Chicago Bears season,https://en.wikipedia.org/wiki/2022_Chicago_Bears_season,Matt Eberflus,Luke Getsy,Alan Williams,1,1,1,both,head_coach infobox raw: [[Matt Eberflus]] || head_coach staff raw: [[Matt Eberflus]] || offensive_coordinator staff raw: [[Luke Getsy]] || defensive_coordinator staff raw: [[Alan Williams (American football)|Alan Williams]]
2022,CIN,2022 Cincinnati Bengals season,https://en.wikipedia.org/wiki/2022_Cincinnati_Bengals_season,Zac Taylor,Brian Callahan,Lou Anarumo,1,1,1,both,head_coach infobox raw: [[Zac Taylor]] || head_coach staff raw: [[Zac Taylor]] || offensive_coordinator infobox raw: [[Brian Callahan]] || offensive_coordinator staff raw: [[Brian Callahan]] || defensive_coordinator infobox raw: [[Lou Anarumo]] || defensive_coordinator staff raw: [[Lou Anarumo]]
2022,CLE,2022 Cleveland Browns season,https://en.wikipedia.org/wiki/2022_Cleveland_Browns_season,Kevin Stefanski,Alex Van Pelt,Joe Woods,1,1,1,both,head_coach infobox raw: [[Kevin Stefanski]] || head_coach staff raw: [[Kevin Stefanski]] || offensive_coordinator staff raw: [[Alex Van Pelt]] || defensive_coordinator staff raw: [[Joe Woods (American football)|Joe Woods]]
2022,DAL,2022 Dallas Cowboys season,https://en.wikipedia.org/wiki/2022_Dallas_Cowboys_season,Mike McCarthy,Kellen Moore,Dan Quinn,1,1,1,both,head_coach infobox raw: [[Mike McCarthy]] || head_coach staff raw: [[Mike McCarthy]] || offensive_coordinator infobox raw: [[Kellen Moore]] || offensive_coordinator staff raw: [[Kellen Moore]] || defensive_coordinator infobox raw: [[Dan Quinn (American football)|Dan Quinn]] || defensive_coordinator staff raw: [[Dan Quinn (American football)|Dan Quinn]]
2022,DEN,2022 Denver Broncos season,https://en.wikipedia.org/wiki/2022_Denver_Broncos_season,Nathaniel Hackett | Jerry Rosburg,Justin Outten,Ejiro Evero,2,1,1,both,"head_coach: infobox=['Nathaniel Hackett', 'Jerry Rosburg'] staff_section=['Jerry Rosburg'] DISAGREE || head_coach infobox raw: [[Nathaniel Hackett]] (fired on December 26, 4–11 record)<br>[[Jerry Rosburg]] (interim; 1–1 record) || head_coach staff raw: [[Jerry Rosburg]] || offensive_coordinator staff raw: [[Justin Outten]] || defensive_coordinator staff raw: [[Ejiro Evero]]"
2022,DET,2022 Detroit Lions season,https://en.wikipedia.org/wiki/2022_Detroit_Lions_season,Dan Campbell,Ben Johnson,Aaron Glenn,1,1,1,both,head_coach infobox raw: [[Dan Campbell]] || head_coach staff raw: [[Dan Campbell]] || offensive_coordinator staff raw: [[Ben Johnson (American football coach)|Ben Johnson]] || defensive_coordinator staff raw: [[Aaron Glenn]]
2022,GB,2022 Green Bay Packers season,https://en.wikipedia.org/wiki/2022_Green_Bay_Packers_season,Matt LaFleur,Adam Stenavich,Joe Barry,1,1,1,both,head_coach infobox raw: [[Matt LaFleur]] || head_coach staff raw: [[Matt LaFleur]] || offensive_coordinator staff raw: [[Adam Stenavich]] || defensive_coordinator staff raw: [[Joe Barry]]
2022,HOU,2022 Houston Texans season,https://en.wikipedia.org/wiki/2022_Houston_Texans_season,Lovie Smith,Pep Hamilton,,1,1,0,both,head_coach infobox raw: [[Lovie Smith]] || head_coach staff raw: [[Lovie Smith]] || offensive_coordinator staff raw: [[Pep Hamilton]]
2022,IND,2022 Indianapolis Colts season,https://en.wikipedia.org/wiki/2022_Indianapolis_Colts_season,Frank Reich | Jeff Saturday,Parks Frazier,Gus Bradley,2,1,1,both,"head_coach: infobox=['Frank Reich', 'Jeff Saturday'] staff_section=['Jeff Saturday'] DISAGREE || head_coach infobox raw: [[Frank Reich]] (fired November 7; {{winpct|3|5|1|record=y}} record)<br/>[[Jeff Saturday]] (interim; {{winpct|1|7|record=y}} record) || head_coach staff raw: [[Jeff Saturday]] || offensive_coordinator staff raw: [[Parks Frazier]] || defensive_coordinator staff raw: [[Gus Bradley]]"
2022,JAX,2022 Jacksonville Jaguars season,https://en.wikipedia.org/wiki/2022_Jacksonville_Jaguars_season,Doug Pederson,Press Taylor,Mike Caldwell,1,1,1,both,head_coach infobox raw: [[Doug Pederson]] || head_coach staff raw: [[Doug Pederson]] || offensive_coordinator infobox raw: [[Press Taylor]] || offensive_coordinator staff raw: [[Press Taylor]] || defensive_coordinator infobox raw: [[Mike Caldwell (linebacker)|Mike Caldwell]] || defensive_coordinator staff raw: [[Mike Caldwell (linebacker)|Mike Caldwell]]
2022,KC,2022 Kansas City Chiefs season,https://en.wikipedia.org/wiki/2022_Kansas_City_Chiefs_season,Andy Reid,Eric Bieniemy,Steve Spagnuolo,1,1,1,both,head_coach infobox raw: [[Andy Reid]] || head_coach staff raw: [[Andy Reid]] || offensive_coordinator infobox raw: [[Eric Bieniemy]] || offensive_coordinator staff raw: [[Eric Bieniemy]] || defensive_coordinator infobox raw: [[Steve Spagnuolo]] || defensive_coordinator staff raw: [[Steve Spagnuolo]]
2022,LAC,2022 Los Angeles Chargers season,https://en.wikipedia.org/wiki/2022_Los_Angeles_Chargers_season,Brandon Staley,Joe Lombardi,Renaldo Hill,1,1,1,both,head_coach infobox raw: [[Brandon Staley]] || head_coach staff raw: [[Brandon Staley]] || offensive_coordinator infobox raw: [[Joe Lombardi]] || offensive_coordinator staff raw: [[Joe Lombardi]] || defensive_coordinator infobox raw: [[Renaldo Hill]] || defensive_coordinator staff raw: [[Renaldo Hill]]
2022,LAR,2022 Los Angeles Rams season,https://en.wikipedia.org/wiki/2022_Los_Angeles_Rams_season,Sean McVay,Liam Coen,Raheem Morris,1,1,1,both,head_coach infobox raw: [[Sean McVay]] || head_coach staff raw: [[Sean McVay]] || offensive_coordinator infobox raw: [[Liam Coen]] || offensive_coordinator staff raw: [[Liam Coen]] || defensive_coordinator infobox raw: [[Raheem Morris]] || defensive_coordinator staff raw: [[Raheem Morris]]
2022,MIA,2022 Miami Dolphins season,https://en.wikipedia.org/wiki/2022_Miami_Dolphins_season,Mike McDaniel,Frank Smith,Vic Fangio,1,1,1,both,head_coach infobox raw: [[Mike McDaniel]] || head_coach staff raw: [[Mike McDaniel]] || offensive_coordinator infobox raw: [[Frank Smith (American football)|Frank Smith]] || offensive_coordinator staff raw: [[Frank Smith (American football)|Frank Smith]] || defensive_coordinator: infobox=['Vic Fangio'] staff_section=['Josh Boyer'] DISAGREE || defensive_coordinator infobox raw: [[Vic Fangio]] || defensive_coordinator staff raw: [[Josh Boyer]]
2022,MIN,2022 Minnesota Vikings season,https://en.wikipedia.org/wiki/2022_Minnesota_Vikings_season,Kevin O'Connell,Wes Phillips,Ed Donatell,1,1,1,both,head_coach infobox raw: [[Kevin O'Connell (American football)|Kevin O'Connell]] || head_coach staff raw: [[Kevin O'Connell (American football)|Kevin O'Connell]] || offensive_coordinator infobox raw: [[Wes Phillips]] || offensive_coordinator staff raw: [[Wes Phillips]] || defensive_coordinator infobox raw: [[Ed Donatell]] || defensive_coordinator staff raw: [[Ed Donatell]]
2022,NE,2022 New England Patriots season,https://en.wikipedia.org/wiki/2022_New_England_Patriots_season,Bill Belichick,,,1,0,0,both,head_coach infobox raw: [[Bill Belichick]] || head_coach staff raw: [[Bill Belichick]]
2022,NO,2022 New Orleans Saints season,https://en.wikipedia.org/wiki/2022_New_Orleans_Saints_season,Dennis Allen,Pete Carmichael Jr.,Ryan Nielsen and Kris Richard,1,1,1,both,head_coach infobox raw: [[Dennis Allen (American football)|Dennis Allen]] || head_coach staff raw: [[Dennis Allen (American football)|Dennis Allen]] || offensive_coordinator: infobox=['Pete Carmichael Jr.'] staff_section=['Pete Carmichael'] DISAGREE || offensive_coordinator infobox raw: [[Pete Carmichael Jr.]] || offensive_coordinator staff raw: [[Pete Carmichael Jr.|Pete Carmichael]] || defensive_coordinator infobox raw: [[Ryan Nielsen]] and [[Kris Richard]]
2022,NYG,2022 New York Giants season,https://en.wikipedia.org/wiki/2022_New_York_Giants_season,Brian Daboll,Mike Kafka,Don Martindale,1,1,1,both,head_coach infobox raw: [[Brian Daboll]] || head_coach staff raw: [[Brian Daboll]] || offensive_coordinator infobox raw: [[Mike Kafka]] || offensive_coordinator staff raw: [[Mike Kafka]] || defensive_coordinator infobox raw: [[Don Martindale]] || defensive_coordinator staff raw: [[Don Martindale]]
2022,NYJ,2022 New York Jets season,https://en.wikipedia.org/wiki/2022_New_York_Jets_season,Robert Saleh,Mike LaFleur,Jeff Ulbrich,1,1,1,both,head_coach infobox raw: [[Robert Saleh]] || head_coach staff raw: [[Robert Saleh]] || offensive_coordinator staff raw: [[Mike LaFleur]] || defensive_coordinator staff raw: [[Jeff Ulbrich]]
2022,OAK,2022 Las Vegas Raiders season,https://en.wikipedia.org/wiki/2022_Las_Vegas_Raiders_season,Josh McDaniels,Mick Lombardi,Patrick Graham,1,1,1,both,head_coach infobox raw: [[Josh McDaniels]] || head_coach staff raw: [[Josh McDaniels]] || offensive_coordinator staff raw: [[Mick Lombardi]] || defensive_coordinator staff raw: [[Patrick Graham (American football)|Patrick Graham]]
2022,PHI,2022 Philadelphia Eagles season,https://en.wikipedia.org/wiki/2022_Philadelphia_Eagles_season,Nick Sirianni,Shane Steichen,Jonathan Gannon,1,1,1,both,head_coach infobox raw: [[Nick Sirianni]] || head_coach staff raw: [[Nick Sirianni]] || offensive_coordinator infobox raw: [[Shane Steichen]] || offensive_coordinator staff raw: [[Shane Steichen]] || defensive_coordinator infobox raw: [[Jonathan Gannon]] || defensive_coordinator staff raw: [[Jonathan Gannon]]
2022,PIT,2022 Pittsburgh Steelers season,https://en.wikipedia.org/wiki/2022_Pittsburgh_Steelers_season,Mike Tomlin,Matt Canada,Teryl Austin,1,1,1,both,head_coach infobox raw: [[Mike Tomlin]] || head_coach staff raw: [[Mike Tomlin]] || offensive_coordinator infobox raw: [[Matt Canada]] || offensive_coordinator staff raw: [[Matt Canada]] || defensive_coordinator infobox raw: [[Teryl Austin]] || defensive_coordinator staff raw: [[Teryl Austin]]
2022,SEA,2022 Seattle Seahawks season,https://en.wikipedia.org/wiki/2022_Seattle_Seahawks_season,Pete Carroll,Shane Waldron,Clint Hurtt,1,1,1,both,head_coach infobox raw: [[Pete Carroll]] || head_coach staff raw: [[Pete Carroll]] || offensive_coordinator infobox raw: [[Shane Waldron]] || offensive_coordinator staff raw: [[Shane Waldron]] || defensive_coordinator infobox raw: [[Clint Hurtt]] || defensive_coordinator staff raw: [[Clint Hurtt]]
2022,SF,2022 San Francisco 49ers season,https://en.wikipedia.org/wiki/2022_San_Francisco_49ers_season,Kyle Shanahan,Kyle Shanahan,DeMeco Ryans,1,1,1,both,head_coach infobox raw: [[Kyle Shanahan]] || head_coach staff raw: [[Kyle Shanahan]] || offensive_coordinator infobox raw: Kyle Shanahan (de facto) || defensive_coordinator infobox raw: [[DeMeco Ryans]] || defensive_coordinator staff raw: [[DeMeco Ryans]]
2022,TB,2022 Tampa Bay Buccaneers season,https://en.wikipedia.org/wiki/2022_Tampa_Bay_Buccaneers_season,Todd Bowles,Byron Leftwich,,1,1,0,both,head_coach infobox raw: [[Todd Bowles]] || head_coach staff raw: [[Todd Bowles]] || offensive_coordinator infobox raw: [[Byron Leftwich]] || offensive_coordinator staff raw: [[Byron Leftwich]]
2022,TEN,2022 Tennessee Titans season,https://en.wikipedia.org/wiki/2022_Tennessee_Titans_season,Mike Vrabel,Todd Downing,Shane Bowen,1,1,1,both,head_coach infobox raw: [[Mike Vrabel]] || head_coach staff raw: [[Mike Vrabel]] || offensive_coordinator staff raw: [[Todd Downing]] || defensive_coordinator staff raw: [[Shane Bowen]]
2022,WSH,2022 Washington Commanders season,https://en.wikipedia.org/wiki/2022_Washington_Commanders_season,Ron Rivera,Scott Turner,Jack Del Rio,1,1,1,both,head_coach infobox raw: [[Ron Rivera]] || head_coach staff raw: [[Ron Rivera]] || offensive_coordinator infobox raw: [[Scott Turner (American football coach)|Scott Turner]] || offensive_coordinator staff raw: [[Scott Turner (American football coach)|Scott Turner]] || defensive_coordinator infobox raw: [[Jack Del Rio]] || defensive_coordinator staff raw: [[Jack Del Rio]]
2023,ARI,2023 Arizona Cardinals season,https://en.wikipedia.org/wiki/2023_Arizona_Cardinals_season,Jonathan Gannon,Drew Petzing,Nick Rallis,1,1,1,both,head_coach infobox raw: [[Jonathan Gannon]] || head_coach staff raw: [[Jonathan Gannon]] || offensive_coordinator staff raw: [[Drew Petzing]] || defensive_coordinator staff raw: [[Nick Rallis]]
2023,ATL,2023 Atlanta Falcons season,https://en.wikipedia.org/wiki/2023_Atlanta_Falcons_season,Arthur Smith,Dave Ragone,Ryan Nielsen,1,1,1,both,"head_coach infobox raw: [[Arthur Smith (American football, born 1982)|Arthur Smith]] || head_coach staff raw: [[Arthur Smith (American football, born 1982)|Arthur Smith]] || offensive_coordinator staff raw: [[Dave Ragone]] || defensive_coordinator staff raw: [[Ryan Nielsen]]"
2023,BAL,2023 Baltimore Ravens season,https://en.wikipedia.org/wiki/2023_Baltimore_Ravens_season,John Harbaugh,Todd Monken,Mike Macdonald,1,1,1,both,head_coach infobox raw: [[John Harbaugh]] || head_coach staff raw: [[John Harbaugh]] || offensive_coordinator infobox raw: [[Todd Monken]] || offensive_coordinator staff raw: [[Todd Monken]] || defensive_coordinator infobox raw: [[Mike Macdonald]] || defensive_coordinator staff raw: [[Mike Macdonald]]
2023,BUF,2023 Buffalo Bills season,https://en.wikipedia.org/wiki/2023_Buffalo_Bills_season,Sean McDermott,Ken Dorsey | Joe Brady,,1,2,0,both,head_coach infobox raw: [[Sean McDermott]] || head_coach staff raw: [[Sean McDermott]] || offensive_coordinator infobox raw: [[Ken Dorsey]] (<small>fired after Week 10</small>) <br/> [[Joe Brady (American football coach)|Joe Brady]] (<small>interim</small>) || offensive_coordinator staff raw: [[Ken Dorsey]]; ''fired after Week 10'' ; [[Joe Brady (American football coach)|Joe Brady]]
2023,CAR,2023 Carolina Panthers season,https://en.wikipedia.org/wiki/2023_Carolina_Panthers_season,Frank Reich | Chris Tabor,Thomas Brown,Ejiro Evero,2,1,1,both,head_coach infobox raw: [[Frank Reich]] (fired November 27; 1–10 record)<br>[[Chris Tabor]] (interim; 1–5 record) || head_coach staff raw: [[Frank Reich]]; ''fired on November 27'' ; [[Chris Tabor]] || offensive_coordinator staff raw: [[Thomas Brown (American football coach)|Thomas Brown]] || defensive_coordinator staff raw: [[Ejiro Evero]]
2023,CHI,2023 Chicago Bears season,https://en.wikipedia.org/wiki/2023_Chicago_Bears_season,Matt Eberflus,Luke Getsy,Alan Williams,1,1,1,both,head_coach infobox raw: [[Matt Eberflus]] || head_coach staff raw: [[Matt Eberflus]] || offensive_coordinator staff raw: [[Luke Getsy]] || defensive_coordinator staff raw: [[Alan Williams (American football)|Alan Williams]]; <br>''resigned on September 20''
2023,CIN,2023 Cincinnati Bengals season,https://en.wikipedia.org/wiki/2023_Cincinnati_Bengals_season,Zac Taylor,Brian Callahan,Lou Anarumo,1,1,1,both,head_coach infobox raw: [[Zac Taylor]] || head_coach staff raw: [[Zac Taylor]] || offensive_coordinator staff raw: [[Brian Callahan]] || defensive_coordinator staff raw: [[Lou Anarumo]]
2023,CLE,2023 Cleveland Browns season,https://en.wikipedia.org/wiki/2023_Cleveland_Browns_season,Kevin Stefanski,Alex Van Pelt,Jim Schwartz,1,1,1,both,head_coach infobox raw: [[Kevin Stefanski]] || head_coach staff raw: [[Kevin Stefanski]] || offensive_coordinator infobox raw: [[Alex Van Pelt]] || offensive_coordinator staff raw: [[Alex Van Pelt]] || defensive_coordinator infobox raw: [[Jim Schwartz]] || defensive_coordinator staff raw: [[Jim Schwartz]]
2023,DAL,2023 Dallas Cowboys season,https://en.wikipedia.org/wiki/2023_Dallas_Cowboys_season,Mike McCarthy,Brian Schottenheimer,Dan Quinn,1,1,1,both,head_coach infobox raw: [[Mike McCarthy]] || head_coach staff raw: [[Mike McCarthy]] || offensive_coordinator infobox raw: [[Brian Schottenheimer]] || offensive_coordinator staff raw: [[Brian Schottenheimer]] || defensive_coordinator infobox raw: [[Dan Quinn (American football)|Dan Quinn]] || defensive_coordinator staff raw: [[Dan Quinn (American football)|Dan Quinn]]
2023,DEN,2023 Denver Broncos season,https://en.wikipedia.org/wiki/2023_Denver_Broncos_season,Sean Payton,Joe Lombardi,Vance Joseph,1,1,1,both,head_coach infobox raw: [[Sean Payton]] || head_coach staff raw: [[Sean Payton]] || offensive_coordinator infobox raw: [[Joe Lombardi]] || offensive_coordinator staff raw: [[Joe Lombardi]] || defensive_coordinator infobox raw: [[Vance Joseph]] || defensive_coordinator staff raw: [[Vance Joseph]]
2023,DET,2023 Detroit Lions season,https://en.wikipedia.org/wiki/2023_Detroit_Lions_season,Dan Campbell,Ben Johnson,Aaron Glenn,1,1,1,both,head_coach infobox raw: [[Dan Campbell]] || head_coach staff raw: [[Dan Campbell]] || offensive_coordinator infobox raw: [[Ben Johnson (American football coach)|Ben Johnson]] || offensive_coordinator staff raw: [[Ben Johnson (American football coach)|Ben Johnson]] || defensive_coordinator infobox raw: [[Aaron Glenn]] || defensive_coordinator staff raw: [[Aaron Glenn]]
2023,GB,2023 Green Bay Packers season,https://en.wikipedia.org/wiki/2023_Green_Bay_Packers_season,Matt LaFleur,Adam Stenavich,Joe Barry,1,1,1,both,head_coach infobox raw: [[Matt LaFleur]] || head_coach staff raw: [[Matt LaFleur]] || offensive_coordinator infobox raw: [[Adam Stenavich]] || offensive_coordinator staff raw: [[Adam Stenavich]] || defensive_coordinator infobox raw: [[Joe Barry]] || defensive_coordinator staff raw: [[Joe Barry]]
2023,HOU,2023 Houston Texans season,https://en.wikipedia.org/wiki/2023_Houston_Texans_season,DeMeco Ryans,Bobby Slowik,Matt Burke,1,1,1,both,head_coach infobox raw: [[DeMeco Ryans]] || head_coach staff raw: [[DeMeco Ryans]] || offensive_coordinator infobox raw: [[Bobby Slowik]] || offensive_coordinator staff raw: [[Bobby Slowik]] || defensive_coordinator infobox raw: [[Matt Burke (American football)|Matt Burke]] || defensive_coordinator staff raw: [[Matt Burke (American football)|Matt Burke]]
2023,IND,2023 Indianapolis Colts season,https://en.wikipedia.org/wiki/2023_Indianapolis_Colts_season,Shane Steichen,Jim Bob Cooter,Gus Bradley,1,1,1,both,head_coach infobox raw: [[Shane Steichen]] || head_coach staff raw: [[Shane Steichen]] || offensive_coordinator staff raw: [[Jim Bob Cooter]] || defensive_coordinator staff raw: [[Gus Bradley]]
2023,JAX,2023 Jacksonville Jaguars season,https://en.wikipedia.org/wiki/2023_Jacksonville_Jaguars_season,Doug Pederson,Press Taylor,Mike Caldwell,1,1,1,both,head_coach infobox raw: [[Doug Pederson]] || head_coach staff raw: [[Doug Pederson]] || offensive_coordinator infobox raw: [[Press Taylor]] || offensive_coordinator staff raw: [[Press Taylor]] || defensive_coordinator infobox raw: [[Mike Caldwell (linebacker)|Mike Caldwell]] || defensive_coordinator staff raw: [[Mike Caldwell (linebacker)|Mike Caldwell]]
2023,KC,2023 Kansas City Chiefs season,https://en.wikipedia.org/wiki/2023_Kansas_City_Chiefs_season,Andy Reid,Matt Nagy,Steve Spagnuolo,1,1,1,both,head_coach infobox raw: [[Andy Reid]] || head_coach staff raw: [[Andy Reid]] || offensive_coordinator infobox raw: [[Matt Nagy]] || offensive_coordinator staff raw: [[Matt Nagy]] || defensive_coordinator infobox raw: [[Steve Spagnuolo]] || defensive_coordinator staff raw: [[Steve Spagnuolo]]
2023,LAC,2023 Los Angeles Chargers season,https://en.wikipedia.org/wiki/2023_Los_Angeles_Chargers_season,Brandon Staley | Giff Smith,Kellen Moore,Derrick Ansley,2,1,1,both,"head_coach infobox raw: [[Brandon Staley]] (fired December 15, 5–9 record)<br>[[Giff Smith]] (interim; 0–3 record) || head_coach staff raw: [[Brandon Staley]]; ''fired on December 15'' ; [[Giff Smith]] || offensive_coordinator staff raw: [[Kellen Moore]] || defensive_coordinator staff raw: [[Derrick Ansley]]"
2023,LAR,2023 Los Angeles Rams season,https://en.wikipedia.org/wiki/2023_Los_Angeles_Rams_season,Sean McVay,Mike LaFleur,Raheem Morris,1,1,1,both,head_coach infobox raw: [[Sean McVay]] || head_coach staff raw: [[Sean McVay]] || offensive_coordinator infobox raw: [[Mike LaFleur]] || offensive_coordinator staff raw: [[Mike LaFleur]] || defensive_coordinator infobox raw: [[Raheem Morris]] || defensive_coordinator staff raw: [[Raheem Morris]]
2023,MIA,2023 Miami Dolphins season,https://en.wikipedia.org/wiki/2023_Miami_Dolphins_season,Mike McDaniel,Frank Smith,Vic Fangio,1,1,1,both,head_coach infobox raw: [[Mike McDaniel]] || head_coach staff raw: [[Mike McDaniel]] || offensive_coordinator staff raw: [[Frank Smith (American football)|Frank Smith]] || defensive_coordinator staff raw: [[Vic Fangio]]
2023,MIN,2023 Minnesota Vikings season,https://en.wikipedia.org/wiki/2023_Minnesota_Vikings_season,Kevin O'Connell,Wes Phillips,Brian Flores,1,1,1,both,head_coach infobox raw: [[Kevin O'Connell (American football)|Kevin O'Connell]] || head_coach staff raw: [[Kevin O'Connell (American football)|Kevin O'Connell]] || offensive_coordinator staff raw: [[Wes Phillips]] || defensive_coordinator staff raw: [[Brian Flores]]
2023,NE,2023 New England Patriots season,https://en.wikipedia.org/wiki/2023_New_England_Patriots_season,Bill Belichick,Bill O'Brien,,1,1,0,both,head_coach infobox raw: [[Bill Belichick]] || head_coach staff raw: [[Bill Belichick]] || offensive_coordinator staff raw: [[Bill O'Brien (American football)|Bill O'Brien]]
2023,NO,2023 New Orleans Saints season,https://en.wikipedia.org/wiki/2023_New_Orleans_Saints_season,Dennis Allen,Pete Carmichael,Joe Woods,1,1,1,both,head_coach infobox raw: [[Dennis Allen (American football)|Dennis Allen]] || head_coach staff raw: [[Dennis Allen (American football)|Dennis Allen]] || offensive_coordinator staff raw: [[Pete Carmichael Jr.|Pete Carmichael]] || defensive_coordinator staff raw: [[Joe Woods (American football)|Joe Woods]]
2023,NYG,2023 New York Giants season,https://en.wikipedia.org/wiki/2023_New_York_Giants_season,Brian Daboll,Mike Kafka,Don Martindale,1,1,1,both,head_coach infobox raw: [[Brian Daboll]] || head_coach staff raw: [[Brian Daboll]] || offensive_coordinator staff raw: [[Mike Kafka]] || defensive_coordinator staff raw: [[Don Martindale]]
2023,NYJ,2023 New York Jets season,https://en.wikipedia.org/wiki/2023_New_York_Jets_season,Robert Saleh,Nathaniel Hackett,Jeff Ulbrich,1,1,1,both,head_coach infobox raw: [[Robert Saleh]] || head_coach staff raw: [[Robert Saleh]] || offensive_coordinator staff raw: [[Nathaniel Hackett]] || defensive_coordinator staff raw: [[Jeff Ulbrich]]
2023,OAK,2023 Las Vegas Raiders season,https://en.wikipedia.org/wiki/2023_Las_Vegas_Raiders_season,Josh McDaniels | Antonio Pierce,Mick Lombardi | Bo Hardegree,Patrick Graham,2,2,1,both,"head_coach infobox raw: [[Josh McDaniels]] (fired October 31, 3–5 record)<br>[[Antonio Pierce]] (interim, 5–4 record) || head_coach staff raw: [[Josh McDaniels]]; ''fired on October 31'' ; [[Antonio Pierce]] || offensive_coordinator staff raw: [[Mick Lombardi]]; ''fired on October 31'' ; [[Bo Hardegree]] || defensive_coordinator staff raw: [[Patrick Graham (American football)|Patrick Graham]]"
2023,PHI,2023 Philadelphia Eagles season,https://en.wikipedia.org/wiki/2023_Philadelphia_Eagles_season,Nick Sirianni,Brian Johnson,Sean Desai,1,1,1,both,head_coach infobox raw: [[Nick Sirianni]] || head_coach staff raw: [[Nick Sirianni]] || offensive_coordinator infobox raw: [[Brian Johnson (American football coach)|Brian Johnson]] || offensive_coordinator staff raw: [[Brian Johnson (American football coach)|Brian Johnson]] || defensive_coordinator infobox raw: [[Sean Desai]] || defensive_coordinator staff raw: [[Sean Desai]]
2023,PIT,2023 Pittsburgh Steelers season,https://en.wikipedia.org/wiki/2023_Pittsburgh_Steelers_season,Mike Tomlin,Matt Canada,Teryl Austin,1,1,1,both,"head_coach infobox raw: [[Mike Tomlin]] || head_coach staff raw: [[Mike Tomlin]] || offensive_coordinator: infobox=['Matt Canada'] staff_section=['Matt Canada', 'Eddie Faulkner'] DISAGREE || offensive_coordinator infobox raw: [[Matt Canada]] || offensive_coordinator staff raw: [[Matt Canada]]; ''fired after Week 11'' ; [[Eddie Faulkner]] || defensive_coordinator infobox raw: [[Teryl Austin]] || defensive_coordinator staff raw: [[Teryl Austin]]"
2023,SEA,2023 Seattle Seahawks season,https://en.wikipedia.org/wiki/2023_Seattle_Seahawks_season,Pete Carroll,Shane Waldron,Clint Hurtt,1,1,1,both,head_coach infobox raw: [[Pete Carroll]] || head_coach staff raw: [[Pete Carroll]] || offensive_coordinator staff raw: [[Shane Waldron]] || defensive_coordinator staff raw: [[Clint Hurtt]]
2023,SF,2023 San Francisco 49ers season,https://en.wikipedia.org/wiki/2023_San_Francisco_49ers_season,Kyle Shanahan,Kyle Shanahan,Steve Wilks,1,1,1,both,head_coach infobox raw: [[Kyle Shanahan]] || head_coach staff raw: [[Kyle Shanahan]] || offensive_coordinator infobox raw: Kyle Shanahan (de facto) || defensive_coordinator infobox raw: [[Steve Wilks]] || defensive_coordinator staff raw: [[Steve Wilks]]
2023,TB,2023 Tampa Bay Buccaneers season,https://en.wikipedia.org/wiki/2023_Tampa_Bay_Buccaneers_season,Todd Bowles,Dave Canales,,1,1,0,both,head_coach infobox raw: [[Todd Bowles]] || head_coach staff raw: [[Todd Bowles]] || offensive_coordinator infobox raw: [[Dave Canales]] || offensive_coordinator staff raw: [[Dave Canales]]
2023,TEN,2023 Tennessee Titans season,https://en.wikipedia.org/wiki/2023_Tennessee_Titans_season,Mike Vrabel,Tim Kelly,Shane Bowen,1,1,1,both,head_coach infobox raw: [[Mike Vrabel]] || head_coach staff raw: [[Mike Vrabel]] || offensive_coordinator staff raw: [[Tim Kelly (American football)|Tim Kelly]] || defensive_coordinator staff raw: [[Shane Bowen]]
2023,WSH,2023 Washington Commanders season,https://en.wikipedia.org/wiki/2023_Washington_Commanders_season,Ron Rivera,Eric Bieniemy,Jack Del Rio | Ron Rivera,1,1,2,both,"head_coach infobox raw: [[Ron Rivera]] || head_coach staff raw: [[Ron Rivera]] || offensive_coordinator infobox raw: [[Eric Bieniemy]] || offensive_coordinator staff raw: [[Eric Bieniemy]] || defensive_coordinator: infobox=['Jack Del Rio', 'Ron Rivera'] staff_section=['Ron Rivera'] DISAGREE || defensive_coordinator infobox raw: {{ubl|[[Jack Del Rio]] (fired)|Ron Rivera (interim)}} || defensive_coordinator staff raw: Ron Rivera (interim)"
2024,ARI,2024 Arizona Cardinals season,https://en.wikipedia.org/wiki/2024_Arizona_Cardinals_season,Jonathan Gannon,Drew Petzing,Nick Rallis,1,1,1,both,head_coach infobox raw: [[Jonathan Gannon]] || head_coach staff raw: [[Jonathan Gannon]] || offensive_coordinator staff raw: [[Drew Petzing]] || defensive_coordinator staff raw: [[Nick Rallis]]
2024,ATL,2024 Atlanta Falcons season,https://en.wikipedia.org/wiki/2024_Atlanta_Falcons_season,Raheem Morris,Zac Robinson,Jimmy Lake,1,1,1,both,head_coach infobox raw: [[Raheem Morris]] || head_coach staff raw: [[Raheem Morris]] || offensive_coordinator staff raw: [[Zac Robinson]] || defensive_coordinator staff raw: [[Jimmy Lake]]
2024,BAL,2024 Baltimore Ravens season,https://en.wikipedia.org/wiki/2024_Baltimore_Ravens_season,John Harbaugh,Todd Monken,Zach Orr,1,1,1,both,head_coach infobox raw: [[John Harbaugh]] || head_coach staff raw: [[John Harbaugh]] || offensive_coordinator infobox raw: [[Todd Monken]] || offensive_coordinator staff raw: [[Todd Monken]] || defensive_coordinator infobox raw: [[Zach Orr]] || defensive_coordinator staff raw: [[Zach Orr|Zachary Orr]]
2024,BUF,2024 Buffalo Bills season,https://en.wikipedia.org/wiki/2024_Buffalo_Bills_season,Sean McDermott,Joe Brady,Bobby Babich,1,1,1,both,head_coach infobox raw: [[Sean McDermott]] || head_coach staff raw: [[Sean McDermott]] || offensive_coordinator infobox raw: [[Joe Brady (American football coach)|Joe Brady]] || offensive_coordinator staff raw: [[Joe Brady (American football coach)|Joe Brady]] || defensive_coordinator infobox raw: [[Bobby Babich]] || defensive_coordinator staff raw: [[Bobby Babich]]
2024,CAR,2024 Carolina Panthers season,https://en.wikipedia.org/wiki/2024_Carolina_Panthers_season,Dave Canales,Brad Idzik,Ejiro Evero,1,1,1,both,head_coach infobox raw: [[Dave Canales]] || head_coach staff raw: [[Dave Canales]] || offensive_coordinator staff raw: [[Brad Idzik]] || defensive_coordinator staff raw: [[Ejiro Evero]]
2024,CHI,2024 Chicago Bears season,https://en.wikipedia.org/wiki/2024_Chicago_Bears_season,Matt Eberflus | Thomas Brown,Shane Waldron | Chris Beatty,Eric Washington,2,2,1,both,"head_coach infobox raw: [[Matt Eberflus]] (fired November 29, 4–8 record)<br>[[Thomas Brown (American football coach)|Thomas Brown]] (interim, 1–4 record) || head_coach staff raw: [[Matt Eberflus]] ''(fired on November 29)'' ; [[Thomas Brown (American football coach)|Thomas Brown]] || offensive_coordinator staff raw: [[Shane Waldron]] ''(fired on November 10)'' ; [[Chris Beatty]] || defensive_coordinator staff raw: [[Eric Washington (American football)|Eric Washington]]"
2024,CIN,2024 Cincinnati Bengals season,https://en.wikipedia.org/wiki/2024_Cincinnati_Bengals_season,Zac Taylor,Dan Pitcher,Lou Anarumo,1,1,1,both,head_coach infobox raw: [[Zac Taylor]] || head_coach staff raw: [[Zac Taylor]] || offensive_coordinator staff raw: [[Dan Pitcher]] || defensive_coordinator staff raw: [[Lou Anarumo]]
2024,CLE,2024 Cleveland Browns season,https://en.wikipedia.org/wiki/2024_Cleveland_Browns_season,Kevin Stefanski,Ken Dorsey,Jim Schwartz,1,1,1,both,head_coach infobox raw: [[Kevin Stefanski]] || head_coach staff raw: [[Kevin Stefanski]] || offensive_coordinator staff raw: [[Ken Dorsey]] || defensive_coordinator staff raw: [[Jim Schwartz]]
2024,DAL,2024 Dallas Cowboys season,https://en.wikipedia.org/wiki/2024_Dallas_Cowboys_season,Mike McCarthy,Brian Schottenheimer,Mike Zimmer,1,1,1,both,head_coach infobox raw: [[Mike McCarthy]] || head_coach staff raw: [[Mike McCarthy]] || offensive_coordinator staff raw: [[Brian Schottenheimer]] || defensive_coordinator staff raw: [[Mike Zimmer]]
2024,DEN,2024 Denver Broncos season,https://en.wikipedia.org/wiki/2024_Denver_Broncos_season,Sean Payton,Joe Lombardi,Vance Joseph,1,1,1,both,head_coach infobox raw: [[Sean Payton]] || head_coach staff raw: [[Sean Payton]] || offensive_coordinator infobox raw: [[Joe Lombardi]] || offensive_coordinator staff raw: [[Joe Lombardi]] || defensive_coordinator infobox raw: [[Vance Joseph]] || defensive_coordinator staff raw: [[Vance Joseph]]
2024,DET,2024 Detroit Lions season,https://en.wikipedia.org/wiki/2024_Detroit_Lions_season,Dan Campbell,Ben Johnson,Aaron Glenn,1,1,1,both,head_coach infobox raw: [[Dan Campbell]] || head_coach staff raw: [[Dan Campbell]] || offensive_coordinator staff raw: [[Ben Johnson (American football coach)|Ben Johnson]] || defensive_coordinator staff raw: [[Aaron Glenn]]
2024,GB,2024 Green Bay Packers season,https://en.wikipedia.org/wiki/2024_Green_Bay_Packers_season,Matt LaFleur,Adam Stenavich,Jeff Hafley,1,1,1,both,head_coach infobox raw: [[Matt LaFleur]] || head_coach staff raw: [[Matt LaFleur]] || offensive_coordinator infobox raw: [[Adam Stenavich]] || offensive_coordinator staff raw: [[Adam Stenavich]] || defensive_coordinator infobox raw: [[Jeff Hafley]] || defensive_coordinator staff raw: [[Jeff Hafley]]
2024,HOU,2024 Houston Texans season,https://en.wikipedia.org/wiki/2024_Houston_Texans_season,DeMeco Ryans,Bobby Slowik,Matt Burke,1,1,1,both,head_coach infobox raw: [[DeMeco Ryans]] || head_coach staff raw: [[DeMeco Ryans]] || offensive_coordinator infobox raw: [[Bobby Slowik]] || offensive_coordinator staff raw: [[Bobby Slowik]] || defensive_coordinator infobox raw: [[Matt Burke (American football)|Matt Burke]] || defensive_coordinator staff raw: [[Matt Burke (American football)|Matt Burke]]
2024,IND,2024 Indianapolis Colts season,https://en.wikipedia.org/wiki/2024_Indianapolis_Colts_season,Shane Steichen,Jim Bob Cooter,Gus Bradley,1,1,1,both,head_coach infobox raw: [[Shane Steichen]] || head_coach staff raw: [[Shane Steichen]] || offensive_coordinator staff raw: [[Jim Bob Cooter]] || defensive_coordinator staff raw: [[Gus Bradley]]
2024,JAX,2024 Jacksonville Jaguars season,https://en.wikipedia.org/wiki/2024_Jacksonville_Jaguars_season,Doug Pederson,Press Taylor,Ryan Nielsen,1,1,1,both,head_coach infobox raw: [[Doug Pederson]] || head_coach staff raw: [[Doug Pederson]] || offensive_coordinator infobox raw: [[Press Taylor]] || offensive_coordinator staff raw: [[Press Taylor]] || defensive_coordinator infobox raw: [[Ryan Nielsen]] || defensive_coordinator staff raw: [[Ryan Nielsen]]
2024,KC,2024 Kansas City Chiefs season,https://en.wikipedia.org/wiki/2024_Kansas_City_Chiefs_season,Andy Reid,Matt Nagy,Steve Spagnuolo,1,1,1,both,head_coach infobox raw: [[Andy Reid]] || head_coach staff raw: [[Andy Reid]] || offensive_coordinator infobox raw: [[Matt Nagy]] || offensive_coordinator staff raw: [[Matt Nagy]] || defensive_coordinator infobox raw: [[Steve Spagnuolo]] || defensive_coordinator staff raw: [[Steve Spagnuolo]]
2024,LAC,2024 Los Angeles Chargers season,https://en.wikipedia.org/wiki/2024_Los_Angeles_Chargers_season,Jim Harbaugh,Greg Roman,Jesse Minter,1,1,1,both,head_coach infobox raw: [[Jim Harbaugh]] || head_coach staff raw: [[Jim Harbaugh]] || offensive_coordinator infobox raw: [[Greg Roman]] || offensive_coordinator staff raw: [[Greg Roman]] || defensive_coordinator infobox raw: [[Jesse Minter]] || defensive_coordinator staff raw: [[Jesse Minter]]
2024,LAR,2024 Los Angeles Rams season,https://en.wikipedia.org/wiki/2024_Los_Angeles_Rams_season,Sean McVay,Mike LaFleur,Chris Shula,1,1,1,both,head_coach infobox raw: [[Sean McVay]] || head_coach staff raw: [[Sean McVay]] || offensive_coordinator infobox raw: [[Mike LaFleur]] || offensive_coordinator staff raw: [[Mike LaFleur]] || defensive_coordinator infobox raw: [[Chris Shula]] || defensive_coordinator staff raw: [[Chris Shula]]
2024,MIA,2024 Miami Dolphins season,https://en.wikipedia.org/wiki/2024_Miami_Dolphins_season,Mike McDaniel,Frank Smith,Anthony Weaver,1,1,1,both,head_coach infobox raw: [[Mike McDaniel]] || head_coach staff raw: [[Mike McDaniel]] || offensive_coordinator staff raw: [[Frank Smith (American football)|Frank Smith]] || defensive_coordinator staff raw: [[Anthony Weaver]]
2024,MIN,2024 Minnesota Vikings season,https://en.wikipedia.org/wiki/2024_Minnesota_Vikings_season,Kevin O'Connell,Wes Phillips,Brian Flores,1,1,1,both,head_coach infobox raw: [[Kevin O'Connell (American football)|Kevin O'Connell]] || head_coach staff raw: [[Kevin O'Connell (American football)|Kevin O'Connell]] || offensive_coordinator infobox raw: [[Wes Phillips]] || offensive_coordinator staff raw: [[Wes Phillips]] || defensive_coordinator infobox raw: [[Brian Flores]] || defensive_coordinator staff raw: [[Brian Flores]]
2024,NE,2024 New England Patriots season,https://en.wikipedia.org/wiki/2024_New_England_Patriots_season,Jerod Mayo,Alex Van Pelt,DeMarcus Covington,1,1,1,both,head_coach infobox raw: [[Jerod Mayo]] || head_coach staff raw: [[Jerod Mayo]] || offensive_coordinator staff raw: [[Alex Van Pelt]] || defensive_coordinator staff raw: [[DeMarcus Covington]]
2024,NO,2024 New Orleans Saints season,https://en.wikipedia.org/wiki/2024_New_Orleans_Saints_season,Dennis Allen | Darren Rizzi,Klint Kubiak,Joe Woods,2,1,1,both,"head_coach infobox raw: [[Dennis Allen (American football)|Dennis Allen]] (fired November 4, 2–7 record)<br>[[Darren Rizzi]] (interim, 3–5 record) || head_coach staff raw: [[Dennis Allen (American football)|Dennis Allen]] ''(fired on November 4)'' ; [[Darren Rizzi]] || offensive_coordinator infobox raw: [[Klint Kubiak]] || offensive_coordinator staff raw: [[Klint Kubiak]] || defensive_coordinator infobox raw: [[Joe Woods (American football)|Joe Woods]] || defensive_coordinator staff raw: [[Joe Woods (American football)|Joe Woods]]"
2024,NYG,2024 New York Giants season,https://en.wikipedia.org/wiki/2024_New_York_Giants_season,Brian Daboll,Mike Kafka,Shane Bowen,1,1,1,both,head_coach infobox raw: [[Brian Daboll]] || head_coach staff raw: [[Brian Daboll]] || offensive_coordinator staff raw: [[Mike Kafka]] || defensive_coordinator staff raw: [[Shane Bowen]]
2024,NYJ,2024 New York Jets season,https://en.wikipedia.org/wiki/2024_New_York_Jets_season,Robert Saleh | Jeff Ulbrich,Nathaniel Hackett,Marquand Manuel,2,1,1,both,"head_coach infobox raw: [[Robert Saleh]] (fired October 8, 2–3 record)<br>[[Jeff Ulbrich]] (interim, 3–9 record) || head_coach staff raw: [[Robert Saleh]] (''fired on October 8'') ; [[Jeff Ulbrich]] || offensive_coordinator staff raw: [[Nathaniel Hackett]] || defensive_coordinator staff raw: [[Marquand Manuel]]"
2024,OAK,2024 Las Vegas Raiders season,https://en.wikipedia.org/wiki/2024_Las_Vegas_Raiders_season,Antonio Pierce,Luke Getsy | Scott Turner,Patrick Graham,1,2,1,both,head_coach infobox raw: [[Antonio Pierce]] || head_coach staff raw: [[Antonio Pierce]] || offensive_coordinator staff raw: [[Luke Getsy]] ''(fired on November 5)'' ; [[Scott Turner (American football coach)|Scott Turner]] || defensive_coordinator staff raw: [[Patrick Graham (American football)|Patrick Graham]]
2024,PHI,2024 Philadelphia Eagles season,https://en.wikipedia.org/wiki/2024_Philadelphia_Eagles_season,Nick Sirianni,Kellen Moore,Vic Fangio,1,1,1,both,head_coach infobox raw: [[Nick Sirianni]] || head_coach staff raw: [[Nick Sirianni]] || offensive_coordinator infobox raw: [[Kellen Moore]] || offensive_coordinator staff raw: [[Kellen Moore]] || defensive_coordinator infobox raw: [[Vic Fangio]] || defensive_coordinator staff raw: [[Vic Fangio]]
2024,PIT,2024 Pittsburgh Steelers season,https://en.wikipedia.org/wiki/2024_Pittsburgh_Steelers_season,Mike Tomlin,Arthur Smith,Teryl Austin,1,1,1,both,"head_coach infobox raw: [[Mike Tomlin]] || head_coach staff raw: [[Mike Tomlin]] || offensive_coordinator infobox raw: [[Arthur Smith (American football, born 1982)|Arthur Smith]] || offensive_coordinator staff raw: [[Arthur Smith (American football, born 1982)|Arthur Smith]] || defensive_coordinator infobox raw: [[Teryl Austin]] || defensive_coordinator staff raw: [[Teryl Austin]]"
2024,SEA,2024 Seattle Seahawks season,https://en.wikipedia.org/wiki/2024_Seattle_Seahawks_season,Mike Macdonald,Ryan Grubb,Aden Durde,1,1,1,both,head_coach infobox raw: [[Mike Macdonald]] || head_coach staff raw: [[Mike Macdonald]] || offensive_coordinator staff raw: [[Ryan Grubb]] || defensive_coordinator staff raw: [[Aden Durde]]
2024,SF,2024 San Francisco 49ers season,https://en.wikipedia.org/wiki/2024_San_Francisco_49ers_season,Kyle Shanahan,Kyle Shanahan,Nick Sorensen,1,1,1,both,head_coach infobox raw: [[Kyle Shanahan]] || head_coach staff raw: [[Kyle Shanahan]] || offensive_coordinator infobox raw: Kyle Shanahan (de facto) || defensive_coordinator infobox raw: [[Nick Sorensen]] || defensive_coordinator staff raw: [[Nick Sorensen]]
2024,TB,2024 Tampa Bay Buccaneers season,https://en.wikipedia.org/wiki/2024_Tampa_Bay_Buccaneers_season,Todd Bowles,Liam Coen,,1,1,0,both,head_coach infobox raw: [[Todd Bowles]] || head_coach staff raw: [[Todd Bowles]] || offensive_coordinator infobox raw: [[Liam Coen]] || offensive_coordinator staff raw: [[Liam Coen]]
2024,TEN,2024 Tennessee Titans season,https://en.wikipedia.org/wiki/2024_Tennessee_Titans_season,Brian Callahan,Nick Holz,Dennard Wilson,1,1,1,both,head_coach infobox raw: [[Brian Callahan]] || head_coach staff raw: [[Brian Callahan]] || offensive_coordinator staff raw: [[Nick Holz]] || defensive_coordinator staff raw: [[Dennard Wilson]]
2024,WSH,2024 Washington Commanders season,https://en.wikipedia.org/wiki/2024_Washington_Commanders_season,Dan Quinn,Kliff Kingsbury,Joe Whitt Jr.,1,1,1,infobox,head_coach infobox raw: [[Dan Quinn (American football)|Dan Quinn]] || offensive_coordinator infobox raw: [[Kliff Kingsbury]] || defensive_coordinator infobox raw: [[Joe Whitt Jr.]]
