season,n,hfa,home_win_pct,raw_margin,hfa_se,home_adv,home_adv_se,sigma,hfa_phase1,hfa_phase2,hfa_phase3
1970,182,2.197802197802198,0.5796703296703297,2.197802197802198,0.9513257807172487,2.197802197802201,1.0247224581449943,13.824261757984146,2.751461951200043,0.3782012132508029,3.574475379635316
1971,182,2.5274725274725274,0.5714285714285714,2.5274725274725274,0.9007139933403262,2.527472527472527,0.9702058706381469,13.088792783086294,-0.040044543023176275,3.3977900269402133,3.7111686844014047
1972,182,1.2307692307692308,0.5082417582417582,1.2307692307692308,0.9093198621120875,1.2307692307692262,0.9794756993141062,13.213849609009783,1.98893680817991,-0.12779125676226985,1.982795656372188
1973,182,4.129697348072494,0.6181318681318682,4.258241758241758,0.9535698374051329,4.1296973480724954,1.0288017253142567,13.85687143563808,4.312712449947359,5.6559246299670365,2.4570579846780594
1974,182,2.5164835164835164,0.5467032967032966,2.5164835164835164,0.8090367074307918,2.516483516483524,0.8714554996532975,11.756577443857887,2.020261937386277,1.0287872706684542,4.40115702557637
1975,182,1.9505494505494505,0.554945054945055,1.9505494505494505,0.8994462952536751,1.9505494505494507,0.9688403671209819,13.07037113349455,1.1500167234401606,2.9726317677191947,1.5688933150671382
1976,196,3.479591836734694,0.5739795918367347,3.479591836734694,0.8114955990663608,3.4795918367346963,0.8742765578175874,12.239871809446223,4.692483267444465,3.2668195623034553,2.722050966598116
1977,196,3.25,0.576530612244898,3.25,0.8011819044981354,3.2500000000000053,0.8631649493309062,12.084309290632685,3.827669331941692,3.4780191940051997,2.5598453404414467
1978,224,3.40625,0.5825892857142857,3.40625,0.7594526905886154,3.4062500000000018,0.8100747975071657,12.124089399728366,1.3749308421285173,4.4453816109777256,4.233072955744798
1979,224,4.522321428571429,0.5892857142857143,4.522321428571429,0.8282253321189381,4.522321428571429,0.8834315508008175,13.22199275105215,5.5359619366307555,3.879273160852554,4.213494561621052
1980,224,1.9910714285714286,0.546875,1.9910714285714286,0.7922207669361825,1.9910714285714275,0.8450270639760373,12.647207023799345,0.4782490925953236,2.7045742943178053,2.657170987096202
1981,224,2.5357142857142856,0.6227678571428571,2.5357142857142856,0.8345248438670416,2.535714285714285,0.8901509630393647,13.322559704800709,2.1073583131169134,2.634690287573363,2.810197594662865
1983,224,1.7098214285714286,0.5334821428571429,1.7098214285714286,0.8250218580693771,1.709821428571429,0.8800145458653209,13.170851704021974,-0.4271682951787681,1.2260954086954339,3.893751214926588
1984,224,2.2857142857142856,0.578125,2.2857142857142856,0.8086601957804066,2.2857142857142856,0.862562280003512,12.909650106110854,4.958012444561158,0.15997439600840246,1.8302490614301286
1985,224,4.558035714285714,0.6428571428571429,4.558035714285714,0.800660296791629,4.558035714285716,0.8540291394488461,12.78193775255587,4.636004622285195,4.2434914367584,4.755181855558909
1986,224,2.46875,0.53125,2.46875,0.8357089290793143,2.4687500000000018,0.8914139746797866,13.34146273213657,1.3609338385181877,3.102369137475118,2.863914186672245
1987,168,2.6428833975538986,0.5684523809523809,3.0654761904761907,0.917290223074231,2.642883397553903,1.0110444443996907,12.985408704035986,8.123223385122577,1.4990858172516492,1.5786351218991714
1988,224,2.8348214285714284,0.5870535714285714,2.8348214285714284,0.8766437532452505,2.8348214285714284,0.9350773520147346,13.994956325483797,1.310182961566098,3.273840690374586,3.73950409957324
1989,224,3.3392857142857144,0.5736607142857143,3.3392857142857144,0.8196547140555197,3.3392857142857166,0.8742896492995482,13.085169297926612,2.967583258072163,3.1275333717062304,3.825498046613243
1990,224,3.575892857142857,0.5848214285714286,3.575892857142857,0.8078022604049786,3.5758928571428603,0.8616471580556456,12.895953814926722,2.718582135643323,2.3672306347806185,5.386146961026996
1991,224,3.3482142857142856,0.5892857142857143,3.3482142857142856,0.7208766113297719,3.3482142857142927,0.7689273896679655,11.508251389775792,3.4634563678615717,3.9518146470724123,2.7229216596280366
1992,224,2.9776785714285716,0.6071428571428571,2.9776785714285716,0.8392590515556418,2.9776785714285725,0.8952007342525359,13.398137759845829,2.7739502525606,1.4531871619436176,4.512201899147699
1993,224,2.78125,0.5491071428571429,2.78125,0.8023941469684365,2.7812500000000004,0.8558785612078192,12.80961736289876,4.670824433125207,2.672500215169863,1.297229459754108
1994,224,1.4955357142857142,0.5714285714285714,1.4955357142857142,0.7557386194235881,1.495535714285713,0.8061131610757973,12.064797054859797,-0.3084985859036964,2.3101771049848603,2.195330963104337
1995,240,2.025,0.6,2.025,0.7293051963453733,2.0249999999999995,0.7780340627581525,12.053251871377682,2.1077084166080406,1.7402653610142855,2.2137686884032703
1996,240,3.720833333333333,0.6208333333333333,3.720833333333333,0.7476605151407374,3.720833333333335,0.7976158007289526,12.356610851580507,4.718574475952764,2.9518228550268004,3.6480078878009823
1997,240,2.7958333333333334,0.6083333333333333,2.7958333333333334,0.7879183292544715,2.7958333333333334,0.8405634594452607,13.021953119447952,0.5481732988493155,2.610798098438341,4.6855710711765735
1998,240,3.504166666666667,0.6291666666666667,3.504166666666667,0.6790447048127557,3.5041666666666726,0.7244153930718531,11.222595012414347,2.710971835301936,3.8106228220283787,3.8242538199237925
1999,248,3.064516129032258,0.5967741935483871,3.064516129032258,0.7044269832940826,3.06451612903226,0.7515443135164442,11.835331684594566,0.18364408037469515,2.3202514950340913,6.080399973778778
2000,248,2.8225806451612905,0.5564516129032258,2.8225806451612905,0.7205456376078003,2.822580645161292,0.7687411036427454,12.106147006319013,0.2730453989123411,3.3893605644631184,4.320619141494259
2001,248,2.0080645161290325,0.5483870967741935,2.0080645161290325,0.7349289584279595,2.008064516129034,0.7840864882294123,12.347806364449324,2.4321852714086507,1.2198958730411138,2.4219068375226813
2002,256,2.24609375,0.580078125,2.24609375,0.7356738081221561,2.2460937500000013,0.7849308083389064,12.558892933422502,2.056667605105105,0.6243418927648581,3.8449291087962956
2003,255,3.593207592411948,0.615686274509804,3.631372549019608,0.7792157527426556,3.59320759241195,0.830399118197852,13.256762690449646,1.399208184698194,4.1076748859506536,4.828897553037238
2004,256,2.5078125,0.56640625,2.5078125,0.7147089119693276,2.5078124999999982,0.7625622086928407,12.200995339085452,1.150164226726727,4.067526647286822,2.15708912037037
2005,255,3.621845362481916,0.5882352941176471,3.596078431372549,0.7262967010937136,3.6218453624819147,0.774804908981286,12.369929489420052,5.098925812573995,4.073750398879224,2.0938171751184753
2006,256,0.84765625,0.53125,0.84765625,0.7569703629895265,0.8476562499999982,0.8076532728908906,12.92245236625425,3.5011589714714715,1.1418483527131795,-1.4612991898148158
2007,255,2.8459581957956024,0.5764705882352941,2.8901960784313725,0.7380727301512624,2.8459581957956086,0.7869004139617578,12.562720252888433,1.8298963553226368,1.4062930909188596,4.895050941428051
2008,254,2.5980017486751525,0.5728346456692913,2.6102362204724407,0.7728433741165578,2.5980017486751543,0.8232404538299523,13.1141853310665,2.3398748152773265,2.731315212394287,2.6797885766258123
2009,255,2.260511333835576,0.5725490196078431,2.3254901960784315,0.8145785713630269,2.2605113338355767,0.8689427112746864,13.872510426790546,1.984187694381301,0.980350144670178,3.5860735765361276
2010,254,1.9482657879864749,0.5590551181102362,1.9488188976377954,0.7786015336693408,1.9482657879864758,0.8303553595870861,13.227109190670673,2.9577729824600962,0.6783533333958771,2.2501624927341
2011,255,3.2554322504706814,0.5686274509803921,3.3019607843137253,0.7664198109847654,3.255432250470677,0.8166983443561403,13.038447607574758,4.397080324794642,1.607861144862447,3.7470356768970388
2012,255,2.5447817465858633,0.5745098039215686,2.592156862745098,0.7660526020409265,2.5447817465858593,0.8231166910535656,13.140928827470008,2.77288918132669,-0.6056559747622806,5.052819461955698
2013,253,3.1535098871706624,0.6027667984189723,3.2529644268774702,0.6935564714745713,3.153509887170662,0.7393075243889999,11.750679772351297,3.9515918999620134,1.920466757392698,3.615030208990086
2014,252,2.455878312802254,0.5734126984126984,2.5436507936507935,0.8274480586666659,2.455878312802253,0.8848024262343732,14.032142726164137,3.7889752281237414,2.8831392872785133,1.014974807157137
2015,253,1.4577807066429274,0.5375494071146245,1.482213438735178,0.7107156852836791,1.457780706642923,0.7635133202883683,12.135948723063544,1.1965953227750226,1.1173836896180764,1.9517624519864027
2016,252,2.5465571588535223,0.5773809523809523,2.5952380952380953,0.6702616406670491,2.5465571588535214,0.711483867484743,11.282864209704066,2.4781246784362403,2.6523914296003386,2.511065501813747
2017,251,2.3759799305779943,0.5697211155378487,2.50199203187251,0.7471031339625974,2.3759799305779965,0.8090806892866712,12.80243077725457,1.6645591725883284,1.7297855155567952,3.47027274360842
2018,253,2.292677244255429,0.6047430830039525,2.343873517786561,0.7485753334448647,2.2926772442554304,0.79610549767332,12.653036424441076,3.636839057535439,1.1835463141545532,2.1230546439631057
2019,251,-0.06788517903341625,0.5199203187250996,-0.04780876494023904,0.7363479912057649,-0.06788517903341718,0.7866263230492138,12.448549691140324,-0.9836118847595863,0.9504424930230316,-0.18443047077384972
2020,253,0.09990366685245232,0.5039525691699605,0.1383399209486166,0.7241958667458828,0.09990366685245272,0.7704077885327612,12.237298833359551,0.5813655678298407,0.594561967269342,-0.7547035463027393
2021,269,1.5651719962179678,0.5111524163568774,1.5650557620817844,0.7611854127583247,1.5651719962179669,0.825157646739307,13.433792952243458,-0.13759427570196395,0.8617188508304707,3.9070057054357776
2022,265,2.1459645775586633,0.5660377358490566,2.1245283018867926,0.6426693196329495,2.145964577558663,0.6853031602410375,11.07382717482062,1.8344764051345641,1.9514899635292804,2.6361165579259884
2023,267,2.590573104524873,0.5580524344569289,2.7116104868913857,0.7410617963659574,2.5905731045248768,0.7882208189750664,12.800204394722144,1.5982866403489753,2.8399187134728394,3.3309144633863257
2024,267,1.6609379143875087,0.5243445692883895,1.7191011235955056,0.6935446262927797,1.6609379143875123,0.7394896969487811,12.018126035046064,0.22362525937384764,2.4327215633653916,2.33103701259284
2025,265,2.177446270749585,0.5377358490566038,2.1849056603773587,0.6948052698828632,2.177446270749591,0.7412598449611729,12.014960382476822,3.354990607949586,2.2680729478962474,0.9834799565280276
