season,franchise,conference,division
1970,CIN,AFC,Central
1970,CLE,AFC,Central
1970,PIT,AFC,Central
1970,TEN,AFC,Central
1970,BUF,AFC,East
1970,IND,AFC,East
1970,MIA,AFC,East
1970,NE,AFC,East
1970,NYJ,AFC,East
1970,DEN,AFC,West
1970,KC,AFC,West
1970,LAC,AFC,West
1970,OAK,AFC,West
1970,CHI,NFC,Central
1970,DET,NFC,Central
1970,GB,NFC,Central
1970,MIN,NFC,Central
1970,ARI,NFC,East
1970,DAL,NFC,East
1970,NYG,NFC,East
1970,PHI,NFC,East
1970,WSH,NFC,East
1970,ATL,NFC,West
1970,LAR,NFC,West
1970,NO,NFC,West
1970,SF,NFC,West
1971,CIN,AFC,Central
1971,CLE,AFC,Central
1971,PIT,AFC,Central
1971,TEN,AFC,Central
1971,BUF,AFC,East
1971,IND,AFC,East
1971,MIA,AFC,East
1971,NE,AFC,East
1971,NYJ,AFC,East
1971,DEN,AFC,West
1971,KC,AFC,West
1971,LAC,AFC,West
1971,OAK,AFC,West
1971,CHI,NFC,Central
1971,DET,NFC,Central
1971,GB,NFC,Central
1971,MIN,NFC,Central
1971,ARI,NFC,East
1971,DAL,NFC,East
1971,NYG,NFC,East
1971,PHI,NFC,East
1971,WSH,NFC,East
1971,ATL,NFC,West
1971,LAR,NFC,West
1971,NO,NFC,West
1971,SF,NFC,West
1972,CIN,AFC,Central
1972,CLE,AFC,Central
1972,PIT,AFC,Central
1972,TEN,AFC,Central
1972,BUF,AFC,East
1972,IND,AFC,East
1972,MIA,AFC,East
1972,NE,AFC,East
1972,NYJ,AFC,East
1972,DEN,AFC,West
1972,KC,AFC,West
1972,LAC,AFC,West
1972,OAK,AFC,West
1972,CHI,NFC,Central
1972,DET,NFC,Central
1972,GB,NFC,Central
1972,MIN,NFC,Central
1972,ARI,NFC,East
1972,DAL,NFC,East
1972,NYG,NFC,East
1972,PHI,NFC,East
1972,WSH,NFC,East
1972,ATL,NFC,West
1972,LAR,NFC,West
1972,NO,NFC,West
1972,SF,NFC,West
1973,CIN,AFC,Central
1973,CLE,AFC,Central
1973,PIT,AFC,Central
1973,TEN,AFC,Central
1973,BUF,AFC,East
1973,IND,AFC,East
1973,MIA,AFC,East
1973,NE,AFC,East
1973,NYJ,AFC,East
1973,DEN,AFC,West
1973,KC,AFC,West
1973,LAC,AFC,West
1973,OAK,AFC,West
1973,CHI,NFC,Central
1973,DET,NFC,Central
1973,GB,NFC,Central
1973,MIN,NFC,Central
1973,ARI,NFC,East
1973,DAL,NFC,East
1973,NYG,NFC,East
1973,PHI,NFC,East
1973,WSH,NFC,East
1973,ATL,NFC,West
1973,LAR,NFC,West
1973,NO,NFC,West
1973,SF,NFC,West
1974,CIN,AFC,Central
1974,CLE,AFC,Central
1974,PIT,AFC,Central
1974,TEN,AFC,Central
1974,BUF,AFC,East
1974,IND,AFC,East
1974,MIA,AFC,East
1974,NE,AFC,East
1974,NYJ,AFC,East
1974,DEN,AFC,West
1974,KC,AFC,West
1974,LAC,AFC,West
1974,OAK,AFC,West
1974,CHI,NFC,Central
1974,DET,NFC,Central
1974,GB,NFC,Central
1974,MIN,NFC,Central
1974,ARI,NFC,East
1974,DAL,NFC,East
1974,NYG,NFC,East
1974,PHI,NFC,East
1974,WSH,NFC,East
1974,ATL,NFC,West
1974,LAR,NFC,West
1974,NO,NFC,West
1974,SF,NFC,West
1975,CIN,AFC,Central
1975,CLE,AFC,Central
1975,PIT,AFC,Central
1975,TEN,AFC,Central
1975,BUF,AFC,East
1975,IND,AFC,East
1975,MIA,AFC,East
1975,NE,AFC,East
1975,NYJ,AFC,East
1975,DEN,AFC,West
1975,KC,AFC,West
1975,LAC,AFC,West
1975,OAK,AFC,West
1975,CHI,NFC,Central
1975,DET,NFC,Central
1975,GB,NFC,Central
1975,MIN,NFC,Central
1975,ARI,NFC,East
1975,DAL,NFC,East
1975,NYG,NFC,East
1975,PHI,NFC,East
1975,WSH,NFC,East
1975,ATL,NFC,West
1975,LAR,NFC,West
1975,NO,NFC,West
1975,SF,NFC,West
1976,CIN,AFC,Central
1976,CLE,AFC,Central
1976,PIT,AFC,Central
1976,TEN,AFC,Central
1976,BUF,AFC,East
1976,IND,AFC,East
1976,MIA,AFC,East
1976,NE,AFC,East
1976,NYJ,AFC,East
1976,DEN,AFC,West
1976,KC,AFC,West
1976,LAC,AFC,West
1976,OAK,AFC,West
1976,TB,AFC,West
1976,CHI,NFC,Central
1976,DET,NFC,Central
1976,GB,NFC,Central
1976,MIN,NFC,Central
1976,ARI,NFC,East
1976,DAL,NFC,East
1976,NYG,NFC,East
1976,PHI,NFC,East
1976,WSH,NFC,East
1976,ATL,NFC,West
1976,LAR,NFC,West
1976,NO,NFC,West
1976,SEA,NFC,West
1976,SF,NFC,West
1977,CIN,AFC,Central
1977,CLE,AFC,Central
1977,PIT,AFC,Central
1977,TEN,AFC,Central
1977,BUF,AFC,East
1977,IND,AFC,East
1977,MIA,AFC,East
1977,NE,AFC,East
1977,NYJ,AFC,East
1977,DEN,AFC,West
1977,KC,AFC,West
1977,LAC,AFC,West
1977,OAK,AFC,West
1977,SEA,AFC,West
1977,CHI,NFC,Central
1977,DET,NFC,Central
1977,GB,NFC,Central
1977,MIN,NFC,Central
1977,TB,NFC,Central
1977,ARI,NFC,East
1977,DAL,NFC,East
1977,NYG,NFC,East
1977,PHI,NFC,East
1977,WSH,NFC,East
1977,ATL,NFC,West
1977,LAR,NFC,West
1977,NO,NFC,West
1977,SF,NFC,West
1978,CIN,AFC,Central
1978,CLE,AFC,Central
1978,PIT,AFC,Central
1978,TEN,AFC,Central
1978,BUF,AFC,East
1978,IND,AFC,East
1978,MIA,AFC,East
1978,NE,AFC,East
1978,NYJ,AFC,East
1978,DEN,AFC,West
1978,KC,AFC,West
1978,LAC,AFC,West
1978,OAK,AFC,West
1978,SEA,AFC,West
1978,CHI,NFC,Central
1978,DET,NFC,Central
1978,GB,NFC,Central
1978,MIN,NFC,Central
1978,TB,NFC,Central
1978,ARI,NFC,East
1978,DAL,NFC,East
1978,NYG,NFC,East
1978,PHI,NFC,East
1978,WSH,NFC,East
1978,ATL,NFC,West
1978,LAR,NFC,West
1978,NO,NFC,West
1978,SF,NFC,West
1979,CIN,AFC,Central
1979,CLE,AFC,Central
1979,PIT,AFC,Central
1979,TEN,AFC,Central
1979,BUF,AFC,East
1979,IND,AFC,East
1979,MIA,AFC,East
1979,NE,AFC,East
1979,NYJ,AFC,East
1979,DEN,AFC,West
1979,KC,AFC,West
1979,LAC,AFC,West
1979,OAK,AFC,West
1979,SEA,AFC,West
1979,CHI,NFC,Central
1979,DET,NFC,Central
1979,GB,NFC,Central
1979,MIN,NFC,Central
1979,TB,NFC,Central
1979,ARI,NFC,East
1979,DAL,NFC,East
1979,NYG,NFC,East
1979,PHI,NFC,East
1979,WSH,NFC,East
1979,ATL,NFC,West
1979,LAR,NFC,West
1979,NO,NFC,West
1979,SF,NFC,West
1980,CIN,AFC,Central
1980,CLE,AFC,Central
1980,PIT,AFC,Central
1980,TEN,AFC,Central
1980,BUF,AFC,East
1980,IND,AFC,East
1980,MIA,AFC,East
1980,NE,AFC,East
1980,NYJ,AFC,East
1980,DEN,AFC,West
1980,KC,AFC,West
1980,LAC,AFC,West
1980,OAK,AFC,West
1980,SEA,AFC,West
1980,CHI,NFC,Central
1980,DET,NFC,Central
1980,GB,NFC,Central
1980,MIN,NFC,Central
1980,TB,NFC,Central
1980,ARI,NFC,East
1980,DAL,NFC,East
1980,NYG,NFC,East
1980,PHI,NFC,East
1980,WSH,NFC,East
1980,ATL,NFC,West
1980,LAR,NFC,West
1980,NO,NFC,West
1980,SF,NFC,West
1981,CIN,AFC,Central
1981,CLE,AFC,Central
1981,PIT,AFC,Central
1981,TEN,AFC,Central
1981,BUF,AFC,East
1981,IND,AFC,East
1981,MIA,AFC,East
1981,NE,AFC,East
1981,NYJ,AFC,East
1981,DEN,AFC,West
1981,KC,AFC,West
1981,LAC,AFC,West
1981,OAK,AFC,West
1981,SEA,AFC,West
1981,CHI,NFC,Central
1981,DET,NFC,Central
1981,GB,NFC,Central
1981,MIN,NFC,Central
1981,TB,NFC,Central
1981,ARI,NFC,East
1981,DAL,NFC,East
1981,NYG,NFC,East
1981,PHI,NFC,East
1981,WSH,NFC,East
1981,ATL,NFC,West
1981,LAR,NFC,West
1981,NO,NFC,West
1981,SF,NFC,West
1982,CIN,AFC,Central
1982,CLE,AFC,Central
1982,PIT,AFC,Central
1982,TEN,AFC,Central
1982,BUF,AFC,East
1982,IND,AFC,East
1982,MIA,AFC,East
1982,NE,AFC,East
1982,NYJ,AFC,East
1982,DEN,AFC,West
1982,KC,AFC,West
1982,LAC,AFC,West
1982,OAK,AFC,West
1982,SEA,AFC,West
1982,CHI,NFC,Central
1982,DET,NFC,Central
1982,GB,NFC,Central
1982,MIN,NFC,Central
1982,TB,NFC,Central
1982,ARI,NFC,East
1982,DAL,NFC,East
1982,NYG,NFC,East
1982,PHI,NFC,East
1982,WSH,NFC,East
1982,ATL,NFC,West
1982,LAR,NFC,West
1982,NO,NFC,West
1982,SF,NFC,West
1983,CIN,AFC,Central
1983,CLE,AFC,Central
1983,PIT,AFC,Central
1983,TEN,AFC,Central
1983,BUF,AFC,East
1983,IND,AFC,East
1983,MIA,AFC,East
1983,NE,AFC,East
1983,NYJ,AFC,East
1983,DEN,AFC,West
1983,KC,AFC,West
1983,LAC,AFC,West
1983,OAK,AFC,West
1983,SEA,AFC,West
1983,CHI,NFC,Central
1983,DET,NFC,Central
1983,GB,NFC,Central
1983,MIN,NFC,Central
1983,TB,NFC,Central
1983,ARI,NFC,East
1983,DAL,NFC,East
1983,NYG,NFC,East
1983,PHI,NFC,East
1983,WSH,NFC,East
1983,ATL,NFC,West
1983,LAR,NFC,West
1983,NO,NFC,West
1983,SF,NFC,West
1984,CIN,AFC,Central
1984,CLE,AFC,Central
1984,PIT,AFC,Central
1984,TEN,AFC,Central
1984,BUF,AFC,East
1984,IND,AFC,East
1984,MIA,AFC,East
1984,NE,AFC,East
1984,NYJ,AFC,East
1984,DEN,AFC,West
1984,KC,AFC,West
1984,LAC,AFC,West
1984,OAK,AFC,West
1984,SEA,AFC,West
1984,CHI,NFC,Central
1984,DET,NFC,Central
1984,GB,NFC,Central
1984,MIN,NFC,Central
1984,TB,NFC,Central
1984,ARI,NFC,East
1984,DAL,NFC,East
1984,NYG,NFC,East
1984,PHI,NFC,East
1984,WSH,NFC,East
1984,ATL,NFC,West
1984,LAR,NFC,West
1984,NO,NFC,West
1984,SF,NFC,West
1985,CIN,AFC,Central
1985,CLE,AFC,Central
1985,PIT,AFC,Central
1985,TEN,AFC,Central
1985,BUF,AFC,East
1985,IND,AFC,East
1985,MIA,AFC,East
1985,NE,AFC,East
1985,NYJ,AFC,East
1985,DEN,AFC,West
1985,KC,AFC,West
1985,LAC,AFC,West
1985,OAK,AFC,West
1985,SEA,AFC,West
1985,CHI,NFC,Central
1985,DET,NFC,Central
1985,GB,NFC,Central
1985,MIN,NFC,Central
1985,TB,NFC,Central
1985,ARI,NFC,East
1985,DAL,NFC,East
1985,NYG,NFC,East
1985,PHI,NFC,East
1985,WSH,NFC,East
1985,ATL,NFC,West
1985,LAR,NFC,West
1985,NO,NFC,West
1985,SF,NFC,West
1986,CIN,AFC,Central
1986,CLE,AFC,Central
1986,PIT,AFC,Central
1986,TEN,AFC,Central
1986,BUF,AFC,East
1986,IND,AFC,East
1986,MIA,AFC,East
1986,NE,AFC,East
1986,NYJ,AFC,East
1986,DEN,AFC,West
1986,KC,AFC,West
1986,LAC,AFC,West
1986,OAK,AFC,West
1986,SEA,AFC,West
1986,CHI,NFC,Central
1986,DET,NFC,Central
1986,GB,NFC,Central
1986,MIN,NFC,Central
1986,TB,NFC,Central
1986,ARI,NFC,East
1986,DAL,NFC,East
1986,NYG,NFC,East
1986,PHI,NFC,East
1986,WSH,NFC,East
1986,ATL,NFC,West
1986,LAR,NFC,West
1986,NO,NFC,West
1986,SF,NFC,West
1987,CIN,AFC,Central
1987,CLE,AFC,Central
1987,PIT,AFC,Central
1987,TEN,AFC,Central
1987,BUF,AFC,East
1987,IND,AFC,East
1987,MIA,AFC,East
1987,NE,AFC,East
1987,NYJ,AFC,East
1987,DEN,AFC,West
1987,KC,AFC,West
1987,LAC,AFC,West
1987,OAK,AFC,West
1987,SEA,AFC,West
1987,CHI,NFC,Central
1987,DET,NFC,Central
1987,GB,NFC,Central
1987,MIN,NFC,Central
1987,TB,NFC,Central
1987,ARI,NFC,East
1987,DAL,NFC,East
1987,NYG,NFC,East
1987,PHI,NFC,East
1987,WSH,NFC,East
1987,ATL,NFC,West
1987,LAR,NFC,West
1987,NO,NFC,West
1987,SF,NFC,West
1988,CIN,AFC,Central
1988,CLE,AFC,Central
1988,PIT,AFC,Central
1988,TEN,AFC,Central
1988,BUF,AFC,East
1988,IND,AFC,East
1988,MIA,AFC,East
1988,NE,AFC,East
1988,NYJ,AFC,East
1988,DEN,AFC,West
1988,KC,AFC,West
1988,LAC,AFC,West
1988,OAK,AFC,West
1988,SEA,AFC,West
1988,CHI,NFC,Central
1988,DET,NFC,Central
1988,GB,NFC,Central
1988,MIN,NFC,Central
1988,TB,NFC,Central
1988,ARI,NFC,East
1988,DAL,NFC,East
1988,NYG,NFC,East
1988,PHI,NFC,East
1988,WSH,NFC,East
1988,ATL,NFC,West
1988,LAR,NFC,West
1988,NO,NFC,West
1988,SF,NFC,West
1989,CIN,AFC,Central
1989,CLE,AFC,Central
1989,PIT,AFC,Central
1989,TEN,AFC,Central
1989,BUF,AFC,East
1989,IND,AFC,East
1989,MIA,AFC,East
1989,NE,AFC,East
1989,NYJ,AFC,East
1989,DEN,AFC,West
1989,KC,AFC,West
1989,LAC,AFC,West
1989,OAK,AFC,West
1989,SEA,AFC,West
1989,CHI,NFC,Central
1989,DET,NFC,Central
1989,GB,NFC,Central
1989,MIN,NFC,Central
1989,TB,NFC,Central
1989,ARI,NFC,East
1989,DAL,NFC,East
1989,NYG,NFC,East
1989,PHI,NFC,East
1989,WSH,NFC,East
1989,ATL,NFC,West
1989,LAR,NFC,West
1989,NO,NFC,West
1989,SF,NFC,West
1990,CIN,AFC,Central
1990,CLE,AFC,Central
1990,PIT,AFC,Central
1990,TEN,AFC,Central
1990,BUF,AFC,East
1990,IND,AFC,East
1990,MIA,AFC,East
1990,NE,AFC,East
1990,NYJ,AFC,East
1990,DEN,AFC,West
1990,KC,AFC,West
1990,LAC,AFC,West
1990,OAK,AFC,West
1990,SEA,AFC,West
1990,CHI,NFC,Central
1990,DET,NFC,Central
1990,GB,NFC,Central
1990,MIN,NFC,Central
1990,TB,NFC,Central
1990,ARI,NFC,East
1990,DAL,NFC,East
1990,NYG,NFC,East
1990,PHI,NFC,East
1990,WSH,NFC,East
1990,ATL,NFC,West
1990,LAR,NFC,West
1990,NO,NFC,West
1990,SF,NFC,West
1991,CIN,AFC,Central
1991,CLE,AFC,Central
1991,PIT,AFC,Central
1991,TEN,AFC,Central
1991,BUF,AFC,East
1991,IND,AFC,East
1991,MIA,AFC,East
1991,NE,AFC,East
1991,NYJ,AFC,East
1991,DEN,AFC,West
1991,KC,AFC,West
1991,LAC,AFC,West
1991,OAK,AFC,West
1991,SEA,AFC,West
1991,CHI,NFC,Central
1991,DET,NFC,Central
1991,GB,NFC,Central
1991,MIN,NFC,Central
1991,TB,NFC,Central
1991,ARI,NFC,East
1991,DAL,NFC,East
1991,NYG,NFC,East
1991,PHI,NFC,East
1991,WSH,NFC,East
1991,ATL,NFC,West
1991,LAR,NFC,West
1991,NO,NFC,West
1991,SF,NFC,West
1992,CIN,AFC,Central
1992,CLE,AFC,Central
1992,PIT,AFC,Central
1992,TEN,AFC,Central
1992,BUF,AFC,East
1992,IND,AFC,East
1992,MIA,AFC,East
1992,NE,AFC,East
1992,NYJ,AFC,East
1992,DEN,AFC,West
1992,KC,AFC,West
1992,LAC,AFC,West
1992,OAK,AFC,West
1992,SEA,AFC,West
1992,CHI,NFC,Central
1992,DET,NFC,Central
1992,GB,NFC,Central
1992,MIN,NFC,Central
1992,TB,NFC,Central
1992,ARI,NFC,East
1992,DAL,NFC,East
1992,NYG,NFC,East
1992,PHI,NFC,East
1992,WSH,NFC,East
1992,ATL,NFC,West
1992,LAR,NFC,West
1992,NO,NFC,West
1992,SF,NFC,West
1993,CIN,AFC,Central
1993,CLE,AFC,Central
1993,PIT,AFC,Central
1993,TEN,AFC,Central
1993,BUF,AFC,East
1993,IND,AFC,East
1993,MIA,AFC,East
1993,NE,AFC,East
1993,NYJ,AFC,East
1993,DEN,AFC,West
1993,KC,AFC,West
1993,LAC,AFC,West
1993,OAK,AFC,West
1993,SEA,AFC,West
1993,CHI,NFC,Central
1993,DET,NFC,Central
1993,GB,NFC,Central
1993,MIN,NFC,Central
1993,TB,NFC,Central
1993,ARI,NFC,East
1993,DAL,NFC,East
1993,NYG,NFC,East
1993,PHI,NFC,East
1993,WSH,NFC,East
1993,ATL,NFC,West
1993,LAR,NFC,West
1993,NO,NFC,West
1993,SF,NFC,West
1994,CIN,AFC,Central
1994,CLE,AFC,Central
1994,PIT,AFC,Central
1994,TEN,AFC,Central
1994,BUF,AFC,East
1994,IND,AFC,East
1994,MIA,AFC,East
1994,NE,AFC,East
1994,NYJ,AFC,East
1994,DEN,AFC,West
1994,KC,AFC,West
1994,LAC,AFC,West
1994,OAK,AFC,West
1994,SEA,AFC,West
1994,CHI,NFC,Central
1994,DET,NFC,Central
1994,GB,NFC,Central
1994,MIN,NFC,Central
1994,TB,NFC,Central
1994,ARI,NFC,East
1994,DAL,NFC,East
1994,NYG,NFC,East
1994,PHI,NFC,East
1994,WSH,NFC,East
1994,ATL,NFC,West
1994,LAR,NFC,West
1994,NO,NFC,West
1994,SF,NFC,West
1995,CIN,AFC,Central
1995,CLE,AFC,Central
1995,JAX,AFC,Central
1995,PIT,AFC,Central
1995,TEN,AFC,Central
1995,BUF,AFC,East
1995,IND,AFC,East
1995,MIA,AFC,East
1995,NE,AFC,East
1995,NYJ,AFC,East
1995,DEN,AFC,West
1995,KC,AFC,West
1995,LAC,AFC,West
1995,OAK,AFC,West
1995,SEA,AFC,West
1995,CHI,NFC,Central
1995,DET,NFC,Central
1995,GB,NFC,Central
1995,MIN,NFC,Central
1995,TB,NFC,Central
1995,ARI,NFC,East
1995,DAL,NFC,East
1995,NYG,NFC,East
1995,PHI,NFC,East
1995,WSH,NFC,East
1995,ATL,NFC,West
1995,CAR,NFC,West
1995,LAR,NFC,West
1995,NO,NFC,West
1995,SF,NFC,West
1996,BAL,AFC,Central
1996,CIN,AFC,Central
1996,JAX,AFC,Central
1996,PIT,AFC,Central
1996,TEN,AFC,Central
1996,BUF,AFC,East
1996,IND,AFC,East
1996,MIA,AFC,East
1996,NE,AFC,East
1996,NYJ,AFC,East
1996,DEN,AFC,West
1996,KC,AFC,West
1996,LAC,AFC,West
1996,OAK,AFC,West
1996,SEA,AFC,West
1996,CHI,NFC,Central
1996,DET,NFC,Central
1996,GB,NFC,Central
1996,MIN,NFC,Central
1996,TB,NFC,Central
1996,ARI,NFC,East
1996,DAL,NFC,East
1996,NYG,NFC,East
1996,PHI,NFC,East
1996,WSH,NFC,East
1996,ATL,NFC,West
1996,CAR,NFC,West
1996,LAR,NFC,West
1996,NO,NFC,West
1996,SF,NFC,West
1997,BAL,AFC,Central
1997,CIN,AFC,Central
1997,JAX,AFC,Central
1997,PIT,AFC,Central
1997,TEN,AFC,Central
1997,BUF,AFC,East
1997,IND,AFC,East
1997,MIA,AFC,East
1997,NE,AFC,East
1997,NYJ,AFC,East
1997,DEN,AFC,West
1997,KC,AFC,West
1997,LAC,AFC,West
1997,OAK,AFC,West
1997,SEA,AFC,West
1997,CHI,NFC,Central
1997,DET,NFC,Central
1997,GB,NFC,Central
1997,MIN,NFC,Central
1997,TB,NFC,Central
1997,ARI,NFC,East
1997,DAL,NFC,East
1997,NYG,NFC,East
1997,PHI,NFC,East
1997,WSH,NFC,East
1997,ATL,NFC,West
1997,CAR,NFC,West
1997,LAR,NFC,West
1997,NO,NFC,West
1997,SF,NFC,West
1998,BAL,AFC,Central
1998,CIN,AFC,Central
1998,JAX,AFC,Central
1998,PIT,AFC,Central
1998,TEN,AFC,Central
1998,BUF,AFC,East
1998,IND,AFC,East
1998,MIA,AFC,East
1998,NE,AFC,East
1998,NYJ,AFC,East
1998,DEN,AFC,West
1998,KC,AFC,West
1998,LAC,AFC,West
1998,OAK,AFC,West
1998,SEA,AFC,West
1998,CHI,NFC,Central
1998,DET,NFC,Central
1998,GB,NFC,Central
1998,MIN,NFC,Central
1998,TB,NFC,Central
1998,ARI,NFC,East
1998,DAL,NFC,East
1998,NYG,NFC,East
1998,PHI,NFC,East
1998,WSH,NFC,East
1998,ATL,NFC,West
1998,CAR,NFC,West
1998,LAR,NFC,West
1998,NO,NFC,West
1998,SF,NFC,West
1999,BAL,AFC,Central
1999,CIN,AFC,Central
1999,CLE,AFC,Central
1999,JAX,AFC,Central
1999,PIT,AFC,Central
1999,TEN,AFC,Central
1999,BUF,AFC,East
1999,IND,AFC,East
1999,MIA,AFC,East
1999,NE,AFC,East
1999,NYJ,AFC,East
1999,DEN,AFC,West
1999,KC,AFC,West
1999,LAC,AFC,West
1999,OAK,AFC,West
1999,SEA,AFC,West
1999,CHI,NFC,Central
1999,DET,NFC,Central
1999,GB,NFC,Central
1999,MIN,NFC,Central
1999,TB,NFC,Central
1999,ARI,NFC,East
1999,DAL,NFC,East
1999,NYG,NFC,East
1999,PHI,NFC,East
1999,WSH,NFC,East
1999,ATL,NFC,West
1999,CAR,NFC,West
1999,LAR,NFC,West
1999,NO,NFC,West
1999,SF,NFC,West
2000,BAL,AFC,Central
2000,CIN,AFC,Central
2000,CLE,AFC,Central
2000,JAX,AFC,Central
2000,PIT,AFC,Central
2000,TEN,AFC,Central
2000,BUF,AFC,East
2000,IND,AFC,East
2000,MIA,AFC,East
2000,NE,AFC,East
2000,NYJ,AFC,East
2000,DEN,AFC,West
2000,KC,AFC,West
2000,LAC,AFC,West
2000,OAK,AFC,West
2000,SEA,AFC,West
2000,CHI,NFC,Central
2000,DET,NFC,Central
2000,GB,NFC,Central
2000,MIN,NFC,Central
2000,TB,NFC,Central
2000,ARI,NFC,East
2000,DAL,NFC,East
2000,NYG,NFC,East
2000,PHI,NFC,East
2000,WSH,NFC,East
2000,ATL,NFC,West
2000,CAR,NFC,West
2000,LAR,NFC,West
2000,NO,NFC,West
2000,SF,NFC,West
2001,BAL,AFC,Central
2001,CIN,AFC,Central
2001,CLE,AFC,Central
2001,JAX,AFC,Central
2001,PIT,AFC,Central
2001,TEN,AFC,Central
2001,BUF,AFC,East
2001,IND,AFC,East
2001,MIA,AFC,East
2001,NE,AFC,East
2001,NYJ,AFC,East
2001,DEN,AFC,West
2001,KC,AFC,West
2001,LAC,AFC,West
2001,OAK,AFC,West
2001,SEA,AFC,West
2001,CHI,NFC,Central
2001,DET,NFC,Central
2001,GB,NFC,Central
2001,MIN,NFC,Central
2001,TB,NFC,Central
2001,ARI,NFC,East
2001,DAL,NFC,East
2001,NYG,NFC,East
2001,PHI,NFC,East
2001,WSH,NFC,East
2001,ATL,NFC,West
2001,CAR,NFC,West
2001,LAR,NFC,West
2001,NO,NFC,West
2001,SF,NFC,West
2002,BUF,AFC,East
2002,MIA,AFC,East
2002,NE,AFC,East
2002,NYJ,AFC,East
2002,BAL,AFC,North
2002,CIN,AFC,North
2002,CLE,AFC,North
2002,PIT,AFC,North
2002,HOU,AFC,South
2002,IND,AFC,South
2002,JAX,AFC,South
2002,TEN,AFC,South
2002,DEN,AFC,West
2002,KC,AFC,West
2002,LAC,AFC,West
2002,OAK,AFC,West
2002,DAL,NFC,East
2002,NYG,NFC,East
2002,PHI,NFC,East
2002,WSH,NFC,East
2002,CHI,NFC,North
2002,DET,NFC,North
2002,GB,NFC,North
2002,MIN,NFC,North
2002,ATL,NFC,South
2002,CAR,NFC,South
2002,NO,NFC,South
2002,TB,NFC,South
2002,ARI,NFC,West
2002,LAR,NFC,West
2002,SEA,NFC,West
2002,SF,NFC,West
2003,BUF,AFC,East
2003,MIA,AFC,East
2003,NE,AFC,East
2003,NYJ,AFC,East
2003,BAL,AFC,North
2003,CIN,AFC,North
2003,CLE,AFC,North
2003,PIT,AFC,North
2003,HOU,AFC,South
2003,IND,AFC,South
2003,JAX,AFC,South
2003,TEN,AFC,South
2003,DEN,AFC,West
2003,KC,AFC,West
2003,LAC,AFC,West
2003,OAK,AFC,West
2003,DAL,NFC,East
2003,NYG,NFC,East
2003,PHI,NFC,East
2003,WSH,NFC,East
2003,CHI,NFC,North
2003,DET,NFC,North
2003,GB,NFC,North
2003,MIN,NFC,North
2003,ATL,NFC,South
2003,CAR,NFC,South
2003,NO,NFC,South
2003,TB,NFC,South
2003,ARI,NFC,West
2003,LAR,NFC,West
2003,SEA,NFC,West
2003,SF,NFC,West
2004,BUF,AFC,East
2004,MIA,AFC,East
2004,NE,AFC,East
2004,NYJ,AFC,East
2004,BAL,AFC,North
2004,CIN,AFC,North
2004,CLE,AFC,North
2004,PIT,AFC,North
2004,HOU,AFC,South
2004,IND,AFC,South
2004,JAX,AFC,South
2004,TEN,AFC,South
2004,DEN,AFC,West
2004,KC,AFC,West
2004,LAC,AFC,West
2004,OAK,AFC,West
2004,DAL,NFC,East
2004,NYG,NFC,East
2004,PHI,NFC,East
2004,WSH,NFC,East
2004,CHI,NFC,North
2004,DET,NFC,North
2004,GB,NFC,North
2004,MIN,NFC,North
2004,ATL,NFC,South
2004,CAR,NFC,South
2004,NO,NFC,South
2004,TB,NFC,South
2004,ARI,NFC,West
2004,LAR,NFC,West
2004,SEA,NFC,West
2004,SF,NFC,West
2005,BUF,AFC,East
2005,MIA,AFC,East
2005,NE,AFC,East
2005,NYJ,AFC,East
2005,BAL,AFC,North
2005,CIN,AFC,North
2005,CLE,AFC,North
2005,PIT,AFC,North
2005,HOU,AFC,South
2005,IND,AFC,South
2005,JAX,AFC,South
2005,TEN,AFC,South
2005,DEN,AFC,West
2005,KC,AFC,West
2005,LAC,AFC,West
2005,OAK,AFC,West
2005,DAL,NFC,East
2005,NYG,NFC,East
2005,PHI,NFC,East
2005,WSH,NFC,East
2005,CHI,NFC,North
2005,DET,NFC,North
2005,GB,NFC,North
2005,MIN,NFC,North
2005,ATL,NFC,South
2005,CAR,NFC,South
2005,NO,NFC,South
2005,TB,NFC,South
2005,ARI,NFC,West
2005,LAR,NFC,West
2005,SEA,NFC,West
2005,SF,NFC,West
2006,BUF,AFC,East
2006,MIA,AFC,East
2006,NE,AFC,East
2006,NYJ,AFC,East
2006,BAL,AFC,North
2006,CIN,AFC,North
2006,CLE,AFC,North
2006,PIT,AFC,North
2006,HOU,AFC,South
2006,IND,AFC,South
2006,JAX,AFC,South
2006,TEN,AFC,South
2006,DEN,AFC,West
2006,KC,AFC,West
2006,LAC,AFC,West
2006,OAK,AFC,West
2006,DAL,NFC,East
2006,NYG,NFC,East
2006,PHI,NFC,East
2006,WSH,NFC,East
2006,CHI,NFC,North
2006,DET,NFC,North
2006,GB,NFC,North
2006,MIN,NFC,North
2006,ATL,NFC,South
2006,CAR,NFC,South
2006,NO,NFC,South
2006,TB,NFC,South
2006,ARI,NFC,West
2006,LAR,NFC,West
2006,SEA,NFC,West
2006,SF,NFC,West
2007,BUF,AFC,East
2007,MIA,AFC,East
2007,NE,AFC,East
2007,NYJ,AFC,East
2007,BAL,AFC,North
2007,CIN,AFC,North
2007,CLE,AFC,North
2007,PIT,AFC,North
2007,HOU,AFC,South
2007,IND,AFC,South
2007,JAX,AFC,South
2007,TEN,AFC,South
2007,DEN,AFC,West
2007,KC,AFC,West
2007,LAC,AFC,West
2007,OAK,AFC,West
2007,DAL,NFC,East
2007,NYG,NFC,East
2007,PHI,NFC,East
2007,WSH,NFC,East
2007,CHI,NFC,North
2007,DET,NFC,North
2007,GB,NFC,North
2007,MIN,NFC,North
2007,ATL,NFC,South
2007,CAR,NFC,South
2007,NO,NFC,South
2007,TB,NFC,South
2007,ARI,NFC,West
2007,LAR,NFC,West
2007,SEA,NFC,West
2007,SF,NFC,West
2008,BUF,AFC,East
2008,MIA,AFC,East
2008,NE,AFC,East
2008,NYJ,AFC,East
2008,BAL,AFC,North
2008,CIN,AFC,North
2008,CLE,AFC,North
2008,PIT,AFC,North
2008,HOU,AFC,South
2008,IND,AFC,South
2008,JAX,AFC,South
2008,TEN,AFC,South
2008,DEN,AFC,West
2008,KC,AFC,West
2008,LAC,AFC,West
2008,OAK,AFC,West
2008,DAL,NFC,East
2008,NYG,NFC,East
2008,PHI,NFC,East
2008,WSH,NFC,East
2008,CHI,NFC,North
2008,DET,NFC,North
2008,GB,NFC,North
2008,MIN,NFC,North
2008,ATL,NFC,South
2008,CAR,NFC,South
2008,NO,NFC,South
2008,TB,NFC,South
2008,ARI,NFC,West
2008,LAR,NFC,West
2008,SEA,NFC,West
2008,SF,NFC,West
2009,BUF,AFC,East
2009,MIA,AFC,East
2009,NE,AFC,East
2009,NYJ,AFC,East
2009,BAL,AFC,North
2009,CIN,AFC,North
2009,CLE,AFC,North
2009,PIT,AFC,North
2009,HOU,AFC,South
2009,IND,AFC,South
2009,JAX,AFC,South
2009,TEN,AFC,South
2009,DEN,AFC,West
2009,KC,AFC,West
2009,LAC,AFC,West
2009,OAK,AFC,West
2009,DAL,NFC,East
2009,NYG,NFC,East
2009,PHI,NFC,East
2009,WSH,NFC,East
2009,CHI,NFC,North
2009,DET,NFC,North
2009,GB,NFC,North
2009,MIN,NFC,North
2009,ATL,NFC,South
2009,CAR,NFC,South
2009,NO,NFC,South
2009,TB,NFC,South
2009,ARI,NFC,West
2009,LAR,NFC,West
2009,SEA,NFC,West
2009,SF,NFC,West
2010,BUF,AFC,East
2010,MIA,AFC,East
2010,NE,AFC,East
2010,NYJ,AFC,East
2010,BAL,AFC,North
2010,CIN,AFC,North
2010,CLE,AFC,North
2010,PIT,AFC,North
2010,HOU,AFC,South
2010,IND,AFC,South
2010,JAX,AFC,South
2010,TEN,AFC,South
2010,DEN,AFC,West
2010,KC,AFC,West
2010,LAC,AFC,West
2010,OAK,AFC,West
2010,DAL,NFC,East
2010,NYG,NFC,East
2010,PHI,NFC,East
2010,WSH,NFC,East
2010,CHI,NFC,North
2010,DET,NFC,North
2010,GB,NFC,North
2010,MIN,NFC,North
2010,ATL,NFC,South
2010,CAR,NFC,South
2010,NO,NFC,South
2010,TB,NFC,South
2010,ARI,NFC,West
2010,LAR,NFC,West
2010,SEA,NFC,West
2010,SF,NFC,West
2011,BUF,AFC,East
2011,MIA,AFC,East
2011,NE,AFC,East
2011,NYJ,AFC,East
2011,BAL,AFC,North
2011,CIN,AFC,North
2011,CLE,AFC,North
2011,PIT,AFC,North
2011,HOU,AFC,South
2011,IND,AFC,South
2011,JAX,AFC,South
2011,TEN,AFC,South
2011,DEN,AFC,West
2011,KC,AFC,West
2011,LAC,AFC,West
2011,OAK,AFC,West
2011,DAL,NFC,East
2011,NYG,NFC,East
2011,PHI,NFC,East
2011,WSH,NFC,East
2011,CHI,NFC,North
2011,DET,NFC,North
2011,GB,NFC,North
2011,MIN,NFC,North
2011,ATL,NFC,South
2011,CAR,NFC,South
2011,NO,NFC,South
2011,TB,NFC,South
2011,ARI,NFC,West
2011,LAR,NFC,West
2011,SEA,NFC,West
2011,SF,NFC,West
2012,BUF,AFC,East
2012,MIA,AFC,East
2012,NE,AFC,East
2012,NYJ,AFC,East
2012,BAL,AFC,North
2012,CIN,AFC,North
2012,CLE,AFC,North
2012,PIT,AFC,North
2012,HOU,AFC,South
2012,IND,AFC,South
2012,JAX,AFC,South
2012,TEN,AFC,South
2012,DEN,AFC,West
2012,KC,AFC,West
2012,LAC,AFC,West
2012,OAK,AFC,West
2012,DAL,NFC,East
2012,NYG,NFC,East
2012,PHI,NFC,East
2012,WSH,NFC,East
2012,CHI,NFC,North
2012,DET,NFC,North
2012,GB,NFC,North
2012,MIN,NFC,North
2012,ATL,NFC,South
2012,CAR,NFC,South
2012,NO,NFC,South
2012,TB,NFC,South
2012,ARI,NFC,West
2012,LAR,NFC,West
2012,SEA,NFC,West
2012,SF,NFC,West
2013,BUF,AFC,East
2013,MIA,AFC,East
2013,NE,AFC,East
2013,NYJ,AFC,East
2013,BAL,AFC,North
2013,CIN,AFC,North
2013,CLE,AFC,North
2013,PIT,AFC,North
2013,HOU,AFC,South
2013,IND,AFC,South
2013,JAX,AFC,South
2013,TEN,AFC,South
2013,DEN,AFC,West
2013,KC,AFC,West
2013,LAC,AFC,West
2013,OAK,AFC,West
2013,DAL,NFC,East
2013,NYG,NFC,East
2013,PHI,NFC,East
2013,WSH,NFC,East
2013,CHI,NFC,North
2013,DET,NFC,North
2013,GB,NFC,North
2013,MIN,NFC,North
2013,ATL,NFC,South
2013,CAR,NFC,South
2013,NO,NFC,South
2013,TB,NFC,South
2013,ARI,NFC,West
2013,LAR,NFC,West
2013,SEA,NFC,West
2013,SF,NFC,West
2014,BUF,AFC,East
2014,MIA,AFC,East
2014,NE,AFC,East
2014,NYJ,AFC,East
2014,BAL,AFC,North
2014,CIN,AFC,North
2014,CLE,AFC,North
2014,PIT,AFC,North
2014,HOU,AFC,South
2014,IND,AFC,South
2014,JAX,AFC,South
2014,TEN,AFC,South
2014,DEN,AFC,West
2014,KC,AFC,West
2014,LAC,AFC,West
2014,OAK,AFC,West
2014,DAL,NFC,East
2014,NYG,NFC,East
2014,PHI,NFC,East
2014,WSH,NFC,East
2014,CHI,NFC,North
2014,DET,NFC,North
2014,GB,NFC,North
2014,MIN,NFC,North
2014,ATL,NFC,South
2014,CAR,NFC,South
2014,NO,NFC,South
2014,TB,NFC,South
2014,ARI,NFC,West
2014,LAR,NFC,West
2014,SEA,NFC,West
2014,SF,NFC,West
2015,BUF,AFC,East
2015,MIA,AFC,East
2015,NE,AFC,East
2015,NYJ,AFC,East
2015,BAL,AFC,North
2015,CIN,AFC,North
2015,CLE,AFC,North
2015,PIT,AFC,North
2015,HOU,AFC,South
2015,IND,AFC,South
2015,JAX,AFC,South
2015,TEN,AFC,South
2015,DEN,AFC,West
2015,KC,AFC,West
2015,LAC,AFC,West
2015,OAK,AFC,West
2015,DAL,NFC,East
2015,NYG,NFC,East
2015,PHI,NFC,East
2015,WSH,NFC,East
2015,CHI,NFC,North
2015,DET,NFC,North
2015,GB,NFC,North
2015,MIN,NFC,North
2015,ATL,NFC,South
2015,CAR,NFC,South
2015,NO,NFC,South
2015,TB,NFC,South
2015,ARI,NFC,West
2015,LAR,NFC,West
2015,SEA,NFC,West
2015,SF,NFC,West
2016,BUF,AFC,East
2016,MIA,AFC,East
2016,NE,AFC,East
2016,NYJ,AFC,East
2016,BAL,AFC,North
2016,CIN,AFC,North
2016,CLE,AFC,North
2016,PIT,AFC,North
2016,HOU,AFC,South
2016,IND,AFC,South
2016,JAX,AFC,South
2016,TEN,AFC,South
2016,DEN,AFC,West
2016,KC,AFC,West
2016,LAC,AFC,West
2016,OAK,AFC,West
2016,DAL,NFC,East
2016,NYG,NFC,East
2016,PHI,NFC,East
2016,WSH,NFC,East
2016,CHI,NFC,North
2016,DET,NFC,North
2016,GB,NFC,North
2016,MIN,NFC,North
2016,ATL,NFC,South
2016,CAR,NFC,South
2016,NO,NFC,South
2016,TB,NFC,South
2016,ARI,NFC,West
2016,LAR,NFC,West
2016,SEA,NFC,West
2016,SF,NFC,West
2017,BUF,AFC,East
2017,MIA,AFC,East
2017,NE,AFC,East
2017,NYJ,AFC,East
2017,BAL,AFC,North
2017,CIN,AFC,North
2017,CLE,AFC,North
2017,PIT,AFC,North
2017,HOU,AFC,South
2017,IND,AFC,South
2017,JAX,AFC,South
2017,TEN,AFC,South
2017,DEN,AFC,West
2017,KC,AFC,West
2017,LAC,AFC,West
2017,OAK,AFC,West
2017,DAL,NFC,East
2017,NYG,NFC,East
2017,PHI,NFC,East
2017,WSH,NFC,East
2017,CHI,NFC,North
2017,DET,NFC,North
2017,GB,NFC,North
2017,MIN,NFC,North
2017,ATL,NFC,South
2017,CAR,NFC,South
2017,NO,NFC,South
2017,TB,NFC,South
2017,ARI,NFC,West
2017,LAR,NFC,West
2017,SEA,NFC,West
2017,SF,NFC,West
2018,BUF,AFC,East
2018,MIA,AFC,East
2018,NE,AFC,East
2018,NYJ,AFC,East
2018,BAL,AFC,North
2018,CIN,AFC,North
2018,CLE,AFC,North
2018,PIT,AFC,North
2018,HOU,AFC,South
2018,IND,AFC,South
2018,JAX,AFC,South
2018,TEN,AFC,South
2018,DEN,AFC,West
2018,KC,AFC,West
2018,LAC,AFC,West
2018,OAK,AFC,West
2018,DAL,NFC,East
2018,NYG,NFC,East
2018,PHI,NFC,East
2018,WSH,NFC,East
2018,CHI,NFC,North
2018,DET,NFC,North
2018,GB,NFC,North
2018,MIN,NFC,North
2018,ATL,NFC,South
2018,CAR,NFC,South
2018,NO,NFC,South
2018,TB,NFC,South
2018,ARI,NFC,West
2018,LAR,NFC,West
2018,SEA,NFC,West
2018,SF,NFC,West
2019,BUF,AFC,East
2019,MIA,AFC,East
2019,NE,AFC,East
2019,NYJ,AFC,East
2019,BAL,AFC,North
2019,CIN,AFC,North
2019,CLE,AFC,North
2019,PIT,AFC,North
2019,HOU,AFC,South
2019,IND,AFC,South
2019,JAX,AFC,South
2019,TEN,AFC,South
2019,DEN,AFC,West
2019,KC,AFC,West
2019,LAC,AFC,West
2019,OAK,AFC,West
2019,DAL,NFC,East
2019,NYG,NFC,East
2019,PHI,NFC,East
2019,WSH,NFC,East
2019,CHI,NFC,North
2019,DET,NFC,North
2019,GB,NFC,North
2019,MIN,NFC,North
2019,ATL,NFC,South
2019,CAR,NFC,South
2019,NO,NFC,South
2019,TB,NFC,South
2019,ARI,NFC,West
2019,LAR,NFC,West
2019,SEA,NFC,West
2019,SF,NFC,West
2020,BUF,AFC,East
2020,MIA,AFC,East
2020,NE,AFC,East
2020,NYJ,AFC,East
2020,BAL,AFC,North
2020,CIN,AFC,North
2020,CLE,AFC,North
2020,PIT,AFC,North
2020,HOU,AFC,South
2020,IND,AFC,South
2020,JAX,AFC,South
2020,TEN,AFC,South
2020,DEN,AFC,West
2020,KC,AFC,West
2020,LAC,AFC,West
2020,OAK,AFC,West
2020,DAL,NFC,East
2020,NYG,NFC,East
2020,PHI,NFC,East
2020,WSH,NFC,East
2020,CHI,NFC,North
2020,DET,NFC,North
2020,GB,NFC,North
2020,MIN,NFC,North
2020,ATL,NFC,South
2020,CAR,NFC,South
2020,NO,NFC,South
2020,TB,NFC,South
2020,ARI,NFC,West
2020,LAR,NFC,West
2020,SEA,NFC,West
2020,SF,NFC,West
2021,BUF,AFC,East
2021,MIA,AFC,East
2021,NE,AFC,East
2021,NYJ,AFC,East
2021,BAL,AFC,North
2021,CIN,AFC,North
2021,CLE,AFC,North
2021,PIT,AFC,North
2021,HOU,AFC,South
2021,IND,AFC,South
2021,JAX,AFC,South
2021,TEN,AFC,South
2021,DEN,AFC,West
2021,KC,AFC,West
2021,LAC,AFC,West
2021,OAK,AFC,West
2021,DAL,NFC,East
2021,NYG,NFC,East
2021,PHI,NFC,East
2021,WSH,NFC,East
2021,CHI,NFC,North
2021,DET,NFC,North
2021,GB,NFC,North
2021,MIN,NFC,North
2021,ATL,NFC,South
2021,CAR,NFC,South
2021,NO,NFC,South
2021,TB,NFC,South
2021,ARI,NFC,West
2021,LAR,NFC,West
2021,SEA,NFC,West
2021,SF,NFC,West
2022,BUF,AFC,East
2022,MIA,AFC,East
2022,NE,AFC,East
2022,NYJ,AFC,East
2022,BAL,AFC,North
2022,CIN,AFC,North
2022,CLE,AFC,North
2022,PIT,AFC,North
2022,HOU,AFC,South
2022,IND,AFC,South
2022,JAX,AFC,South
2022,TEN,AFC,South
2022,DEN,AFC,West
2022,KC,AFC,West
2022,LAC,AFC,West
2022,OAK,AFC,West
2022,DAL,NFC,East
2022,NYG,NFC,East
2022,PHI,NFC,East
2022,WSH,NFC,East
2022,CHI,NFC,North
2022,DET,NFC,North
2022,GB,NFC,North
2022,MIN,NFC,North
2022,ATL,NFC,South
2022,CAR,NFC,South
2022,NO,NFC,South
2022,TB,NFC,South
2022,ARI,NFC,West
2022,LAR,NFC,West
2022,SEA,NFC,West
2022,SF,NFC,West
2023,BUF,AFC,East
2023,MIA,AFC,East
2023,NE,AFC,East
2023,NYJ,AFC,East
2023,BAL,AFC,North
2023,CIN,AFC,North
2023,CLE,AFC,North
2023,PIT,AFC,North
2023,HOU,AFC,South
2023,IND,AFC,South
2023,JAX,AFC,South
2023,TEN,AFC,South
2023,DEN,AFC,West
2023,KC,AFC,West
2023,LAC,AFC,West
2023,OAK,AFC,West
2023,DAL,NFC,East
2023,NYG,NFC,East
2023,PHI,NFC,East
2023,WSH,NFC,East
2023,CHI,NFC,North
2023,DET,NFC,North
2023,GB,NFC,North
2023,MIN,NFC,North
2023,ATL,NFC,South
2023,CAR,NFC,South
2023,NO,NFC,South
2023,TB,NFC,South
2023,ARI,NFC,West
2023,LAR,NFC,West
2023,SEA,NFC,West
2023,SF,NFC,West
2024,BUF,AFC,East
2024,MIA,AFC,East
2024,NE,AFC,East
2024,NYJ,AFC,East
2024,BAL,AFC,North
2024,CIN,AFC,North
2024,CLE,AFC,North
2024,PIT,AFC,North
2024,HOU,AFC,South
2024,IND,AFC,South
2024,JAX,AFC,South
2024,TEN,AFC,South
2024,DEN,AFC,West
2024,KC,AFC,West
2024,LAC,AFC,West
2024,OAK,AFC,West
2024,DAL,NFC,East
2024,NYG,NFC,East
2024,PHI,NFC,East
2024,WSH,NFC,East
2024,CHI,NFC,North
2024,DET,NFC,North
2024,GB,NFC,North
2024,MIN,NFC,North
2024,ATL,NFC,South
2024,CAR,NFC,South
2024,NO,NFC,South
2024,TB,NFC,South
2024,ARI,NFC,West
2024,LAR,NFC,West
2024,SEA,NFC,West
2024,SF,NFC,West
2025,BUF,AFC,East
2025,MIA,AFC,East
2025,NE,AFC,East
2025,NYJ,AFC,East
2025,BAL,AFC,North
2025,CIN,AFC,North
2025,CLE,AFC,North
2025,PIT,AFC,North
2025,HOU,AFC,South
2025,IND,AFC,South
2025,JAX,AFC,South
2025,TEN,AFC,South
2025,DEN,AFC,West
2025,KC,AFC,West
2025,LAC,AFC,West
2025,OAK,AFC,West
2025,DAL,NFC,East
2025,NYG,NFC,East
2025,PHI,NFC,East
2025,WSH,NFC,East
2025,CHI,NFC,North
2025,DET,NFC,North
2025,GB,NFC,North
2025,MIN,NFC,North
2025,ATL,NFC,South
2025,CAR,NFC,South
2025,NO,NFC,South
2025,TB,NFC,South
2025,ARI,NFC,West
2025,LAR,NFC,West
2025,SEA,NFC,West
2025,SF,NFC,West
